timestamp,unix_time,city,aqi,pm25,pm10,o3,no2,so2,co,temp,humidity,wind_speed,pressure,hour,day_of_week,day_of_month,month,is_weekend,aqi_change_rate
2026-06-23 00:00:00+00:00,1782172800,karachi,78.0,17.2,39.9,49.0,5.1,4.4,126.0,29.1,76.0,14.2,1002.8,0,1,23,6,0,0.0
2026-06-23 01:00:00+00:00,1782176400,karachi,78.0,17.0,39.0,48.0,6.5,4.7,166.0,28.9,79.0,14.8,1003.0,1,1,23,6,0,0.0
2026-06-23 02:00:00+00:00,1782180000,karachi,78.0,17.8,42.1,47.0,8.3,5.2,221.0,29.0,80.0,16.8,1003.5,2,1,23,6,0,0.0
2026-06-23 03:00:00+00:00,1782183600,karachi,78.0,19.7,46.1,49.0,9.1,5.5,254.0,29.8,75.0,18.2,1003.7,3,1,23,6,0,0.0
2026-06-23 04:00:00+00:00,1782187200,karachi,78.0,19.6,47.6,56.0,7.9,5.5,242.0,30.6,71.0,18.2,1003.7,4,1,23,6,0,0.0
2026-06-23 05:00:00+00:00,1782190800,karachi,78.0,20.5,52.4,65.0,5.6,5.2,207.0,31.4,66.0,17.3,1003.8,5,1,23,6,0,0.0
2026-06-23 06:00:00+00:00,1782194400,karachi,78.0,21.0,53.7,72.0,3.8,5.0,181.0,32.4,60.0,17.0,1003.7,6,1,23,6,0,0.0
2026-06-23 07:00:00+00:00,1782198000,karachi,78.0,21.0,54.5,75.0,3.0,4.8,176.0,32.6,58.0,17.5,1003.3,7,1,23,6,0,0.0
2026-06-23 08:00:00+00:00,1782201600,karachi,78.0,21.5,55.2,76.0,2.8,4.5,179.0,32.6,59.0,18.9,1002.5,8,1,23,6,0,0.0
2026-06-23 09:00:00+00:00,1782205200,karachi,78.0,22.4,57.7,74.0,2.9,4.3,186.0,32.0,62.0,18.5,1001.8,9,1,23,6,0,0.0
2026-06-23 10:00:00+00:00,1782208800,karachi,78.0,22.5,58.0,70.0,3.5,4.2,199.0,32.3,59.0,18.6,1001.3,10,1,23,6,0,0.0
2026-06-23 11:00:00+00:00,1782212400,karachi,78.0,21.9,55.6,63.0,4.5,4.2,216.0,31.9,60.0,19.4,1000.8,11,1,23,6,0,0.0
2026-06-23 12:00:00+00:00,1782216000,karachi,78.0,27.4,73.8,58.0,5.5,3.9,225.0,31.3,62.0,17.5,1000.9,12,1,23,6,0,0.0
2026-06-23 13:00:00+00:00,1782219600,karachi,77.0,26.7,68.9,54.0,6.8,4.1,218.0,30.7,65.0,17.8,1000.9,13,1,23,6,0,-1.0
2026-06-23 14:00:00+00:00,1782223200,karachi,77.0,26.4,65.4,48.0,8.5,4.3,203.0,30.0,69.0,18.6,1001.5,14,1,23,6,0,0.0
2026-06-23 15:00:00+00:00,1782226800,karachi,77.0,27.8,67.3,43.0,9.7,4.5,189.0,29.7,72.0,20.4,1001.8,15,1,23,6,0,0.0
2026-06-23 16:00:00+00:00,1782230400,karachi,77.0,27.9,66.1,41.0,10.0,4.7,181.0,29.5,73.0,20.7,1002.2,16,1,23,6,0,0.0
2026-06-23 17:00:00+00:00,1782234000,karachi,77.0,28.6,65.7,41.0,9.9,4.8,175.0,29.5,73.0,21.1,1002.4,17,1,23,6,0,0.0
2026-06-23 18:00:00+00:00,1782237600,karachi,77.0,28.3,65.4,42.0,9.2,4.8,166.0,29.6,73.0,19.5,1002.5,18,1,23,6,0,0.0
2026-06-23 19:00:00+00:00,1782241200,karachi,77.0,27.2,64.0,43.0,7.7,4.5,150.0,29.4,75.0,19.1,1002.3,19,1,23,6,0,0.0
2026-06-23 20:00:00+00:00,1782244800,karachi,77.0,26.0,61.5,45.0,5.7,3.9,130.0,29.2,76.0,18.3,1002.0,20,1,23,6,0,0.0
2026-06-23 21:00:00+00:00,1782248400,karachi,77.0,25.4,60.3,47.0,4.2,3.6,116.0,29.0,77.0,19.5,1001.7,21,1,23,6,0,0.0
2026-06-23 22:00:00+00:00,1782252000,karachi,77.0,24.2,56.2,47.0,3.7,3.6,106.0,28.9,78.0,19.2,1001.4,22,1,23,6,0,0.0
2026-06-23 23:00:00+00:00,1782255600,karachi,77.0,22.6,51.9,47.0,3.8,3.7,101.0,28.6,81.0,19.4,1001.3,23,1,23,6,0,0.0
2026-06-24 00:00:00+00:00,1782259200,karachi,77.0,16.7,43.8,47.0,4.3,3.9,113.0,28.9,78.0,17.8,1001.1,0,2,24,6,0,0.0
2026-06-24 01:00:00+00:00,1782262800,karachi,77.0,15.6,37.8,47.0,5.5,4.2,160.0,28.9,77.0,18.4,1001.5,1,2,24,6,0,0.0
2026-06-24 02:00:00+00:00,1782266400,karachi,77.0,18.2,44.1,46.0,7.1,4.6,224.0,29.1,77.0,19.8,1001.8,2,2,24,6,0,0.0
2026-06-24 03:00:00+00:00,1782270000,karachi,77.0,18.9,45.6,48.0,7.8,4.8,263.0,29.5,74.0,19.1,1002.4,3,2,24,6,0,0.0
2026-06-24 04:00:00+00:00,1782273600,karachi,77.0,19.7,47.6,54.0,6.8,4.7,250.0,30.2,71.0,19.8,1002.7,4,2,24,6,0,0.0
2026-06-24 05:00:00+00:00,1782277200,karachi,77.0,20.3,49.9,63.0,5.0,4.5,211.0,30.5,70.0,20.8,1002.9,5,2,24,6,0,0.0
2026-06-24 06:00:00+00:00,1782280800,karachi,77.0,20.1,48.9,69.0,3.6,4.3,182.0,31.6,64.0,22.3,1002.8,6,2,24,6,0,0.0
2026-06-24 07:00:00+00:00,1782284400,karachi,77.0,20.0,48.5,70.0,3.2,4.1,176.0,31.8,64.0,22.8,1002.4,7,2,24,6,0,0.0
2026-06-24 08:00:00+00:00,1782288000,karachi,77.0,19.7,47.4,68.0,3.2,4.0,180.0,31.6,66.0,22.2,1001.8,8,2,24,6,0,0.0
2026-06-24 09:00:00+00:00,1782291600,karachi,77.0,19.4,46.6,65.0,3.5,3.9,187.0,31.6,67.0,21.2,1001.5,9,2,24,6,0,0.0
2026-06-24 10:00:00+00:00,1782295200,karachi,76.0,19.7,47.1,61.0,4.1,3.9,200.0,31.5,66.0,21.1,1001.1,10,2,24,6,0,-1.0
2026-06-24 11:00:00+00:00,1782298800,karachi,76.0,20.0,47.5,56.0,4.9,3.9,216.0,31.2,68.0,21.5,1000.8,11,2,24,6,0,0.0
2026-06-24 12:00:00+00:00,1782302400,karachi,76.0,20.3,46.4,52.0,6.0,4.0,226.0,31.5,64.0,19.1,1000.1,12,2,24,6,0,0.0
2026-06-24 13:00:00+00:00,1782306000,karachi,75.0,20.6,47.3,48.0,7.6,4.2,223.0,30.7,67.0,18.0,1000.2,13,2,24,6,0,-1.0
2026-06-24 14:00:00+00:00,1782309600,karachi,75.0,20.8,46.6,44.0,9.3,4.3,213.0,30.1,70.0,18.4,1000.7,14,2,24,6,0,0.0
2026-06-24 15:00:00+00:00,1782313200,karachi,75.0,21.0,45.5,42.0,10.4,4.5,204.0,29.7,73.0,18.5,1000.9,15,2,24,6,0,0.0
2026-06-24 16:00:00+00:00,1782316800,karachi,74.0,20.7,43.9,42.0,10.3,4.6,200.0,29.5,74.0,19.0,1001.7,16,2,24,6,0,-1.0
2026-06-24 17:00:00+00:00,1782320400,karachi,73.0,20.4,42.4,44.0,9.5,4.6,197.0,29.4,75.0,17.9,1002.4,17,2,24,6,0,-1.0
2026-06-24 18:00:00+00:00,1782324000,karachi,73.0,20.5,44.8,45.0,8.6,4.6,189.0,29.6,74.0,17.2,1002.5,18,2,24,6,0,0.0
2026-06-24 19:00:00+00:00,1782327600,karachi,72.0,19.1,40.6,46.0,7.5,4.4,169.0,29.2,76.0,15.9,1002.4,19,2,24,6,0,-1.0
2026-06-24 20:00:00+00:00,1782331200,karachi,72.0,15.1,33.3,47.0,6.2,4.0,145.0,29.1,75.0,14.6,1002.0,20,2,24,6,0,0.0
2026-06-24 21:00:00+00:00,1782334800,karachi,71.0,14.8,33.8,48.0,5.2,3.8,127.0,29.0,75.0,14.7,1001.7,21,2,24,6,0,-1.0
2026-06-24 22:00:00+00:00,1782338400,karachi,70.0,16.4,36.2,48.0,4.8,3.8,119.0,28.9,76.0,15.2,1001.6,22,2,24,6,0,-1.0
2026-06-24 23:00:00+00:00,1782342000,karachi,69.0,13.9,31.1,48.0,4.7,4.0,119.0,28.9,76.0,16.1,1001.6,23,2,24,6,0,-1.0
2026-06-25 00:00:00+00:00,1782345600,karachi,69.0,13.3,29.6,48.0,4.9,4.2,131.0,28.8,78.0,15.5,1001.8,0,3,25,6,0,0.0
2026-06-25 01:00:00+00:00,1782349200,karachi,68.0,13.2,28.7,48.0,5.8,4.5,170.0,28.7,79.0,14.3,1002.3,1,3,25,6,0,-1.0
2026-06-25 02:00:00+00:00,1782352800,karachi,68.0,16.9,37.0,48.0,7.1,4.7,221.0,29.2,77.0,17.4,1002.7,2,3,25,6,0,0.0
2026-06-25 03:00:00+00:00,1782356400,karachi,68.0,17.5,38.1,50.0,7.6,4.9,251.0,29.8,73.0,19.0,1003.0,3,3,25,6,0,0.0
2026-06-25 04:00:00+00:00,1782360000,karachi,68.0,18.1,40.4,57.0,6.5,4.9,238.0,30.7,69.0,19.7,1003.4,4,3,25,6,0,0.0
2026-06-25 05:00:00+00:00,1782363600,karachi,68.0,18.3,42.0,66.0,4.7,4.7,203.0,31.6,65.0,19.1,1003.4,5,3,25,6,0,0.0
2026-06-25 06:00:00+00:00,1782367200,karachi,68.0,18.0,41.8,73.0,3.3,4.5,177.0,31.8,64.0,19.2,1003.4,6,3,25,6,0,0.0
2026-06-25 07:00:00+00:00,1782370800,karachi,67.0,18.1,42.1,75.0,2.8,4.3,173.0,31.9,63.0,19.3,1003.3,7,3,25,6,0,-1.0
2026-06-25 08:00:00+00:00,1782374400,karachi,67.0,18.2,42.1,73.0,2.8,4.1,179.0,31.8,64.0,18.8,1003.1,8,3,25,6,0,0.0
2026-06-25 09:00:00+00:00,1782378000,karachi,67.0,18.2,42.3,71.0,3.2,4.0,188.0,31.8,66.0,19.2,1002.6,9,3,25,6,0,0.0
2026-06-25 10:00:00+00:00,1782381600,karachi,67.0,18.0,40.7,67.0,3.9,4.0,204.0,31.4,69.0,19.7,1002.1,10,3,25,6,0,0.0
2026-06-25 11:00:00+00:00,1782385200,karachi,67.0,18.1,40.4,62.0,4.9,4.0,223.0,31.6,68.0,18.5,1001.6,11,3,25,6,0,0.0
2026-06-25 12:00:00+00:00,1782388800,karachi,67.0,22.6,49.2,57.0,6.5,4.5,235.0,31.3,66.0,16.7,1001.6,12,3,25,6,0,0.0
2026-06-25 13:00:00+00:00,1782392400,karachi,67.0,22.8,50.5,53.0,8.3,4.8,232.0,30.6,69.0,16.3,1001.9,13,3,25,6,0,0.0
2026-06-25 14:00:00+00:00,1782396000,karachi,67.0,22.2,48.7,47.0,10.7,5.2,221.0,30.0,73.0,16.6,1002.4,14,3,25,6,0,0.0
2026-06-25 15:00:00+00:00,1782399600,karachi,67.0,21.5,45.6,43.0,12.4,5.5,212.0,29.7,74.0,15.5,1002.7,15,3,25,6,0,0.0
2026-06-25 16:00:00+00:00,1782403200,karachi,67.0,21.4,44.2,41.0,12.9,5.7,212.0,29.5,75.0,15.1,1003.2,16,3,25,6,0,0.0
2026-06-25 17:00:00+00:00,1782406800,karachi,67.0,19.0,39.8,41.0,12.8,5.9,214.0,29.6,75.0,14.6,1003.8,17,3,25,6,0,0.0
2026-06-25 18:00:00+00:00,1782410400,karachi,67.0,18.2,38.9,41.0,12.1,5.9,207.0,29.5,76.0,13.5,1004.0,18,3,25,6,0,0.0
2026-06-25 19:00:00+00:00,1782414000,karachi,67.0,17.6,38.0,42.0,10.7,5.5,182.0,29.2,77.0,12.9,1003.9,19,3,25,6,0,0.0
2026-06-25 20:00:00+00:00,1782417600,karachi,67.0,17.5,38.8,45.0,8.7,5.0,149.0,29.0,78.0,12.6,1003.5,20,3,25,6,0,0.0
2026-06-25 21:00:00+00:00,1782421200,karachi,67.0,17.5,38.8,46.0,7.3,4.7,127.0,28.8,80.0,11.7,1003.3,21,3,25,6,0,0.0
2026-06-25 22:00:00+00:00,1782424800,karachi,67.0,17.5,38.9,45.0,6.9,4.8,122.0,28.6,81.0,10.8,1003.0,22,3,25,6,0,0.0
2026-06-25 23:00:00+00:00,1782428400,karachi,67.0,17.5,38.8,44.0,6.9,5.1,127.0,28.4,82.0,10.4,1002.9,23,3,25,6,0,0.0
2026-06-26 00:00:00+00:00,1782432000,karachi,68.0,18.2,41.7,43.0,7.4,5.5,144.0,28.9,78.0,9.7,1003.1,0,4,26,6,0,1.0
2026-06-26 01:00:00+00:00,1782435600,karachi,68.0,18.5,40.7,44.0,8.0,5.8,183.0,28.9,78.0,10.2,1003.8,1,4,26,6,0,0.0
2026-06-26 02:00:00+00:00,1782439200,karachi,69.0,20.1,48.5,45.0,8.8,6.2,232.0,29.3,77.0,11.6,1004.3,2,4,26,6,0,1.0
2026-06-26 03:00:00+00:00,1782442800,karachi,69.0,21.5,53.1,49.0,9.0,6.4,262.0,30.2,73.0,13.2,1004.7,3,4,26,6,0,0.0
2026-06-26 04:00:00+00:00,1782446400,karachi,69.0,22.2,55.8,57.0,7.9,6.3,252.0,31.1,69.0,13.1,1004.9,4,4,26,6,0,0.0
2026-06-26 05:00:00+00:00,1782450000,karachi,69.0,22.7,58.0,66.0,6.1,6.0,222.0,31.6,66.0,13.9,1005.1,5,4,26,6,0,0.0
2026-06-26 06:00:00+00:00,1782453600,karachi,70.0,23.1,59.3,73.0,4.7,5.7,199.0,32.9,60.0,13.1,1004.9,6,4,26,6,0,1.0
2026-06-26 07:00:00+00:00,1782457200,karachi,70.0,22.7,57.9,75.0,4.0,5.5,194.0,32.1,64.0,14.0,1004.7,7,4,26,6,0,0.0
2026-06-26 08:00:00+00:00,1782460800,karachi,71.0,22.7,57.2,74.0,3.7,5.2,196.0,31.9,67.0,14.8,1004.5,8,4,26,6,0,1.0
2026-06-26 09:00:00+00:00,1782464400,karachi,71.0,21.6,51.3,72.0,3.7,5.0,202.0,32.3,65.0,15.0,1004.0,9,4,26,6,0,0.0
2026-06-26 10:00:00+00:00,1782468000,karachi,71.0,20.9,48.3,68.0,4.1,4.8,213.0,32.0,67.0,15.9,1003.6,10,4,26,6,0,0.0
2026-06-26 11:00:00+00:00,1782471600,karachi,71.0,20.7,48.0,63.0,5.0,4.7,227.0,31.4,69.0,15.5,1003.1,11,4,26,6,0,0.0
2026-06-26 12:00:00+00:00,1782475200,karachi,72.0,17.3,39.2,59.0,6.0,4.5,236.0,31.7,66.0,15.0,1003.1,12,4,26,6,0,1.0
2026-06-26 13:00:00+00:00,1782478800,karachi,71.0,18.2,41.1,54.0,7.6,4.8,236.0,30.9,68.0,14.3,1003.2,13,4,26,6,0,-1.0
2026-06-26 14:00:00+00:00,1782482400,karachi,71.0,19.4,43.1,48.0,9.8,5.2,231.0,30.2,72.0,14.6,1003.7,14,4,26,6,0,0.0
2026-06-26 15:00:00+00:00,1782486000,karachi,71.0,19.6,42.8,43.0,11.4,5.5,223.0,29.8,75.0,14.7,1004.2,15,4,26,6,0,0.0
2026-06-26 16:00:00+00:00,1782489600,karachi,70.0,19.8,43.0,41.0,12.0,5.7,212.0,29.6,77.0,13.2,1004.6,16,4,26,6,0,-1.0
2026-06-26 17:00:00+00:00,1782493200,karachi,70.0,20.1,43.3,41.0,12.1,5.8,198.0,29.4,77.0,12.1,1005.0,17,4,26,6,0,0.0
2026-06-26 18:00:00+00:00,1782496800,karachi,70.0,19.6,41.7,41.0,11.9,5.9,183.0,29.4,76.0,12.0,1005.0,18,4,26,6,0,0.0
2026-06-26 19:00:00+00:00,1782500400,karachi,70.0,18.4,39.3,41.0,11.2,5.8,167.0,29.2,77.0,11.2,1004.8,19,4,26,6,0,0.0
2026-06-26 20:00:00+00:00,1782504000,karachi,71.0,16.9,36.3,42.0,10.2,5.6,150.0,29.1,77.0,9.9,1004.6,20,4,26,6,0,1.0
2026-06-26 21:00:00+00:00,1782507600,karachi,70.0,16.4,35.4,42.0,9.4,5.6,139.0,28.9,78.0,9.4,1004.0,21,4,26,6,0,-1.0
2026-06-26 22:00:00+00:00,1782511200,karachi,70.0,16.1,34.9,41.0,9.2,5.8,132.0,28.9,77.0,8.8,1003.9,22,4,26,6,0,0.0
2026-06-26 23:00:00+00:00,1782514800,karachi,70.0,15.7,33.4,40.0,9.3,6.2,129.0,28.8,77.0,8.6,1003.9,23,4,26,6,0,0.0
2026-06-27 00:00:00+00:00,1782518400,karachi,70.0,15.5,33.4,42.0,8.3,6.2,140.0,29.0,78.0,9.3,1004.0,0,5,27,6,1,0.0
2026-06-27 01:00:00+00:00,1782522000,karachi,70.0,15.5,32.6,44.0,8.6,6.4,178.0,28.8,79.0,9.0,1004.5,1,5,27,6,1,0.0
2026-06-27 02:00:00+00:00,1782525600,karachi,70.0,16.8,38.3,46.0,9.0,6.6,229.0,29.4,75.0,10.6,1004.8,2,5,27,6,1,0.0
2026-06-27 03:00:00+00:00,1782529200,karachi,69.0,17.9,42.3,51.0,8.8,6.7,260.0,30.2,72.0,12.1,1005.2,3,5,27,6,1,-1.0
2026-06-27 04:00:00+00:00,1782532800,karachi,69.0,19.3,46.4,60.0,7.4,6.4,249.0,30.9,68.0,12.8,1005.4,4,5,27,6,1,0.0
2026-06-27 05:00:00+00:00,1782536400,karachi,69.0,20.4,49.9,72.0,5.4,6.0,216.0,31.3,67.0,13.5,1005.5,5,5,27,6,1,0.0
2026-06-27 06:00:00+00:00,1782540000,karachi,69.0,21.5,52.7,81.0,3.9,5.6,193.0,31.7,66.0,13.8,1005.3,6,5,27,6,1,0.0
2026-06-27 07:00:00+00:00,1782543600,karachi,69.0,21.7,53.3,86.0,3.2,5.3,191.0,31.7,66.0,13.0,1004.8,7,5,27,6,1,0.0
2026-06-27 08:00:00+00:00,1782547200,karachi,69.0,21.2,52.7,87.0,2.9,5.0,197.0,32.4,64.0,13.4,1004.4,8,5,27,6,1,0.0
2026-06-27 09:00:00+00:00,1782550800,karachi,68.0,20.6,50.6,86.0,3.1,4.8,206.0,31.7,67.0,14.6,1003.8,9,5,27,6,1,-1.0
2026-06-27 10:00:00+00:00,1782554400,karachi,68.0,19.4,46.8,80.0,3.6,4.7,218.0,31.3,69.0,14.8,1003.1,10,5,27,6,1,0.0
2026-06-27 11:00:00+00:00,1782558000,karachi,68.0,18.3,43.9,71.0,4.6,4.6,232.0,31.1,70.0,15.1,1002.3,11,5,27,6,1,0.0
2026-06-27 12:00:00+00:00,1782561600,karachi,68.0,24.4,60.5,68.0,6.3,5.1,240.0,31.3,68.0,15.2,1002.3,12,5,27,6,1,0.0
2026-06-27 13:00:00+00:00,1782565200,karachi,69.0,22.6,54.4,61.0,7.9,5.1,237.0,30.6,71.0,14.8,1002.2,13,5,27,6,1,1.0
2026-06-27 14:00:00+00:00,1782568800,karachi,69.0,21.2,49.6,51.0,10.2,5.1,228.0,30.0,73.0,14.5,1002.7,14,5,27,6,1,0.0
2026-06-27 15:00:00+00:00,1782572400,karachi,69.0,19.8,44.6,44.0,11.6,5.1,217.0,29.6,75.0,13.8,1003.0,15,5,27,6,1,0.0
2026-06-27 16:00:00+00:00,1782576000,karachi,69.0,19.8,44.6,43.0,11.6,5.1,204.0,29.4,77.0,13.7,1003.4,16,5,27,6,1,0.0
2026-06-27 17:00:00+00:00,1782579600,karachi,69.0,19.9,44.6,44.0,10.8,5.1,188.0,29.3,77.0,12.9,1003.8,17,5,27,6,1,0.0
2026-06-27 18:00:00+00:00,1782583200,karachi,69.0,20.0,44.9,46.0,9.8,5.0,172.0,29.1,79.0,13.4,1004.3,18,5,27,6,1,0.0
2026-06-27 19:00:00+00:00,1782586800,karachi,69.0,18.2,41.9,47.0,8.7,4.7,156.0,28.9,79.0,12.9,1003.9,19,5,27,6,1,0.0
2026-06-27 20:00:00+00:00,1782590400,karachi,69.0,17.4,40.5,47.0,7.4,4.4,140.0,28.6,82.0,12.8,1003.4,20,5,27,6,1,0.0
2026-06-27 21:00:00+00:00,1782594000,karachi,69.0,16.9,39.1,48.0,6.4,4.2,129.0,28.5,83.0,13.0,1002.9,21,5,27,6,1,0.0
2026-06-27 22:00:00+00:00,1782597600,karachi,69.0,16.9,38.6,48.0,6.0,4.3,124.0,28.3,84.0,11.7,1002.8,22,5,27,6,1,0.0
2026-06-27 23:00:00+00:00,1782601200,karachi,69.0,16.8,38.2,48.0,6.0,4.5,125.0,28.3,84.0,11.3,1002.3,23,5,27,6,1,0.0
2026-06-28 00:00:00+00:00,1782604800,karachi,69.0,17.1,38.6,49.0,5.5,4.4,131.0,29.0,79.0,11.7,1002.4,0,6,28,6,1,0.0
2026-06-28 01:00:00+00:00,1782608400,karachi,69.0,17.6,38.9,50.0,5.8,4.6,148.0,28.9,79.0,12.8,1002.3,1,6,28,6,1,0.0
2026-06-28 02:00:00+00:00,1782612000,karachi,70.0,19.2,45.2,51.0,6.2,4.9,171.0,29.2,78.0,15.7,1002.6,2,6,28,6,1,1.0
2026-06-28 03:00:00+00:00,1782615600,karachi,70.0,22.9,54.2,54.0,6.1,5.1,184.0,29.9,74.0,16.9,1003.1,3,6,28,6,1,0.0
2026-06-28 04:00:00+00:00,1782619200,karachi,70.0,23.9,56.6,59.0,5.2,5.1,177.0,30.7,70.0,16.6,1003.4,4,6,28,6,1,0.0
2026-06-28 05:00:00+00:00,1782622800,karachi,71.0,24.4,59.0,66.0,3.9,4.9,160.0,31.5,66.0,16.1,1003.3,5,6,28,6,1,1.0
2026-06-28 06:00:00+00:00,1782626400,karachi,71.0,24.1,58.7,71.0,2.9,4.7,148.0,32.1,63.0,16.6,1003.2,6,6,28,6,1,0.0
2026-06-28 07:00:00+00:00,1782630000,karachi,71.0,23.3,57.4,73.0,2.4,4.5,145.0,31.9,65.0,16.3,1002.8,7,6,28,6,1,0.0
2026-06-28 08:00:00+00:00,1782633600,karachi,71.0,23.0,57.3,73.0,2.2,4.3,147.0,31.9,64.0,16.8,1002.4,8,6,28,6,1,0.0
2026-06-28 09:00:00+00:00,1782637200,karachi,71.0,22.4,55.3,72.0,2.2,4.2,152.0,31.9,65.0,18.3,1002.0,9,6,28,6,1,0.0
2026-06-28 10:00:00+00:00,1782640800,karachi,72.0,24.6,62.2,69.0,2.6,4.1,162.0,31.1,68.0,19.6,1001.4,10,6,28,6,1,1.0
2026-06-28 11:00:00+00:00,1782644400,karachi,72.0,21.9,54.4,64.0,3.2,4.1,174.0,31.1,69.0,19.0,1000.9,11,6,28,6,1,0.0
2026-06-28 12:00:00+00:00,1782648000,karachi,72.0,21.9,53.6,59.0,4.0,4.1,181.0,30.7,70.0,19.6,1000.4,12,6,28,6,1,0.0
2026-06-28 13:00:00+00:00,1782651600,karachi,72.0,21.7,51.9,55.0,5.0,4.2,177.0,30.2,72.0,18.7,1000.6,13,6,28,6,1,0.0
2026-06-28 14:00:00+00:00,1782655200,karachi,72.0,21.2,49.1,51.0,6.2,4.3,167.0,29.7,75.0,18.2,1000.8,14,6,28,6,1,0.0
2026-06-28 15:00:00+00:00,1782658800,karachi,72.0,21.7,48.1,49.0,6.9,4.4,159.0,29.6,75.0,17.7,1001.3,15,6,28,6,1,0.0
2026-06-28 16:00:00+00:00,1782662400,karachi,72.0,22.6,49.2,48.0,6.9,4.4,156.0,29.4,76.0,19.0,1001.8,16,6,28,6,1,0.0
2026-06-28 17:00:00+00:00,1782666000,karachi,72.0,23.1,49.8,49.0,6.4,4.3,154.0,29.3,77.0,17.8,1002.4,17,6,28,6,1,0.0
2026-06-28 18:00:00+00:00,1782669600,karachi,73.0,22.1,46.4,49.0,5.9,4.2,149.0,29.0,78.0,17.0,1002.9,18,6,28,6,1,1.0
2026-06-28 19:00:00+00:00,1782673200,karachi,73.0,21.8,46.1,49.0,5.3,4.0,137.0,28.8,80.0,16.2,1002.3,19,6,28,6,1,0.0
2026-06-28 20:00:00+00:00,1782676800,karachi,73.0,18.3,40.4,50.0,4.6,3.7,123.0,28.6,81.0,14.9,1002.0,20,6,28,6,1,0.0
2026-06-28 21:00:00+00:00,1782680400,karachi,73.0,17.9,39.1,50.0,4.1,3.6,113.0,28.5,82.0,14.0,1001.5,21,6,28,6,1,0.0
2026-06-28 22:00:00+00:00,1782684000,karachi,73.0,17.9,38.8,50.0,3.9,3.6,107.0,28.3,82.0,13.9,1001.3,22,6,28,6,1,0.0
2026-06-28 23:00:00+00:00,1782687600,karachi,73.0,17.9,38.8,50.0,3.8,3.7,105.0,28.2,83.0,13.6,1001.1,23,6,28,6,1,0.0
2026-06-29 00:00:00+00:00,1782691200,karachi,73.0,21.9,49.4,50.0,4.5,4.0,116.0,28.3,82.0,14.9,1000.9,0,0,29,6,0,0.0
2026-06-29 01:00:00+00:00,1782694800,karachi,74.0,22.2,49.4,51.0,5.4,4.3,154.0,28.2,82.0,14.8,1001.1,1,0,29,6,0,1.0
2026-06-29 02:00:00+00:00,1782698400,karachi,74.0,25.3,60.3,52.0,6.5,4.8,204.0,28.8,79.0,16.9,1001.5,2,0,29,6,0,0.0
2026-06-29 03:00:00+00:00,1782702000,karachi,75.0,28.3,70.5,54.0,7.0,5.1,235.0,29.6,74.0,17.7,1001.8,3,0,29,6,0,1.0
2026-06-29 04:00:00+00:00,1782705600,karachi,75.0,28.5,72.6,59.0,6.1,5.0,227.0,30.3,70.0,18.1,1002.1,4,0,29,6,0,0.0
2026-06-29 05:00:00+00:00,1782709200,karachi,75.0,28.5,72.6,66.0,4.6,4.7,199.0,30.9,67.0,18.6,1002.4,5,0,29,6,0,0.0
2026-06-29 06:00:00+00:00,1782712800,karachi,76.0,27.6,71.0,71.0,3.4,4.5,177.0,31.7,62.0,18.8,1002.5,6,0,29,6,0,1.0
2026-06-29 07:00:00+00:00,1782716400,karachi,76.0,27.1,70.3,73.0,2.9,4.3,172.0,31.8,60.0,19.0,1002.1,7,0,29,6,0,0.0
2026-06-29 08:00:00+00:00,1782720000,karachi,76.0,27.0,70.3,74.0,2.7,4.2,173.0,32.2,59.0,19.3,1001.4,8,0,29,6,0,0.0
2026-06-29 09:00:00+00:00,1782723600,karachi,77.0,25.6,65.2,73.0,3.0,4.1,178.0,32.1,60.0,19.9,1000.8,9,0,29,6,0,1.0
2026-06-29 10:00:00+00:00,1782727200,karachi,77.0,25.1,63.3,68.0,3.8,4.1,189.0,31.6,62.0,19.3,1000.3,10,0,29,6,0,0.0
2026-06-29 11:00:00+00:00,1782730800,karachi,77.0,24.4,61.7,62.0,5.1,4.2,203.0,31.3,64.0,19.2,999.8,11,0,29,6,0,0.0
2026-06-29 12:00:00+00:00,1782734400,karachi,77.0,30.7,79.9,55.0,6.6,4.0,212.0,30.9,64.0,18.7,999.8,12,0,29,6,0,0.0
2026-06-29 13:00:00+00:00,1782738000,karachi,78.0,31.2,77.3,53.0,7.9,4.3,210.0,30.2,66.0,18.0,999.8,13,0,29,6,0,1.0
2026-06-29 14:00:00+00:00,1782741600,karachi,78.0,31.8,75.7,49.0,9.6,4.8,203.0,29.8,69.0,17.8,999.9,14,0,29,6,0,0.0
2026-06-29 15:00:00+00:00,1782745200,karachi,79.0,30.9,70.3,47.0,10.7,5.1,195.0,29.5,71.0,17.2,1000.2,15,0,29,6,0,1.0
2026-06-29 16:00:00+00:00,1782748800,karachi,80.0,30.0,66.6,46.0,10.6,5.1,190.0,29.2,74.0,18.4,1001.1,16,0,29,6,0,1.0
2026-06-29 17:00:00+00:00,1782752400,karachi,81.0,26.6,56.5,46.0,9.9,4.9,185.0,29.2,75.0,18.4,1001.6,17,0,29,6,0,1.0
2026-06-29 18:00:00+00:00,1782756000,karachi,81.0,25.0,50.6,47.0,8.9,4.7,176.0,29.1,74.0,18.2,1001.5,18,0,29,6,0,0.0
2026-06-29 19:00:00+00:00,1782759600,karachi,81.0,21.1,44.8,48.0,7.7,4.5,157.0,28.9,76.0,17.1,1001.5,19,0,29,6,0,0.0
2026-06-29 20:00:00+00:00,1782763200,karachi,81.0,20.5,44.6,49.0,6.3,4.2,135.0,28.8,76.0,17.3,1001.1,20,0,29,6,0,0.0
2026-06-29 21:00:00+00:00,1782766800,karachi,81.0,20.5,44.9,50.0,5.2,4.1,119.0,28.7,77.0,16.2,1000.6,21,0,29,6,0,0.0
2026-06-29 22:00:00+00:00,1782770400,karachi,81.0,20.7,46.2,50.0,4.7,4.1,113.0,28.6,77.0,16.5,1000.6,22,0,29,6,0,0.0
2026-06-29 23:00:00+00:00,1782774000,karachi,82.0,20.7,46.4,50.0,4.5,4.2,113.0,28.6,77.0,17.2,1000.5,23,0,29,6,0,1.0
2026-06-30 00:00:00+00:00,1782777600,karachi,82.0,21.2,49.6,50.0,4.5,4.1,126.0,28.7,78.0,16.5,1000.3,0,1,30,6,0,0.0
2026-06-30 01:00:00+00:00,1782781200,karachi,82.0,21.3,48.0,49.0,6.0,4.5,162.0,28.7,79.0,16.3,1000.5,1,1,30,6,0,0.0
2026-06-30 02:00:00+00:00,1782784800,karachi,82.0,22.5,51.8,48.0,7.9,5.0,210.0,29.2,76.0,19.0,1000.9,2,1,30,6,0,0.0
2026-06-30 03:00:00+00:00,1782788400,karachi,82.0,25.7,60.1,49.0,8.8,5.3,240.0,29.8,73.0,19.8,1001.0,3,1,30,6,0,0.0
2026-06-30 04:00:00+00:00,1782792000,karachi,81.0,25.0,58.9,55.0,7.7,5.2,235.0,30.4,70.0,20.9,1001.3,4,1,30,6,0,-1.0
2026-06-30 05:00:00+00:00,1782795600,karachi,81.0,24.9,59.6,64.0,5.5,5.0,213.0,30.9,67.0,20.3,1001.7,5,1,30,6,0,0.0
2026-06-30 06:00:00+00:00,1782799200,karachi,81.0,25.4,61.0,70.0,3.9,4.7,196.0,30.7,69.0,19.4,1001.5,6,1,30,6,0,0.0
2026-06-30 07:00:00+00:00,1782802800,karachi,81.0,24.7,58.8,71.0,3.4,4.5,191.0,31.3,66.0,18.9,1001.3,7,1,30,6,0,0.0
2026-06-30 08:00:00+00:00,1782806400,karachi,80.0,23.5,55.6,70.0,3.4,4.4,191.0,32.3,61.0,18.9,1000.8,8,1,30,6,0,-1.0
2026-06-30 09:00:00+00:00,1782810000,karachi,80.0,23.6,57.3,68.0,3.8,4.3,195.0,31.8,63.0,19.3,1000.3,9,1,30,6,0,0.0
2026-06-30 10:00:00+00:00,1782813600,karachi,80.0,24.0,58.6,65.0,4.5,4.3,207.0,31.4,66.0,20.2,999.8,10,1,30,6,0,0.0
2026-06-30 11:00:00+00:00,1782817200,karachi,80.0,22.9,55.4,60.0,5.6,4.3,223.0,31.1,68.0,19.0,999.2,11,1,30,6,0,0.0
2026-06-30 12:00:00+00:00,1782820800,karachi,80.0,25.7,61.9,56.0,6.9,4.4,232.0,31.6,61.0,18.9,999.2,12,1,30,6,0,0.0
2026-06-30 13:00:00+00:00,1782824400,karachi,79.0,23.9,56.8,52.0,8.5,4.6,227.0,30.8,65.0,18.6,999.2,13,1,30,6,0,-1.0
2026-06-30 14:00:00+00:00,1782828000,karachi,79.0,22.0,50.1,47.0,10.7,4.9,214.0,30.0,70.0,18.4,999.1,14,1,30,6,0,0.0
2026-06-30 15:00:00+00:00,1782831600,karachi,78.0,21.3,45.8,44.0,12.0,5.1,203.0,29.7,73.0,18.2,999.5,15,1,30,6,0,-1.0
2026-06-30 16:00:00+00:00,1782835200,karachi,77.0,17.6,37.5,43.0,11.9,5.1,197.0,29.6,75.0,18.8,1000.1,16,1,30,6,0,-1.0
2026-06-30 17:00:00+00:00,1782838800,karachi,76.0,17.3,38.4,44.0,10.9,5.1,192.0,29.4,76.0,18.1,1001.0,17,1,30,6,0,-1.0
2026-06-30 18:00:00+00:00,1782842400,karachi,76.0,18.0,40.6,45.0,9.8,5.0,183.0,29.3,77.0,17.1,1000.9,18,1,30,6,0,0.0
2026-06-30 19:00:00+00:00,1782846000,karachi,75.0,19.6,44.7,46.0,8.6,4.8,164.0,29.1,78.0,16.0,1000.6,19,1,30,6,0,-1.0
2026-06-30 20:00:00+00:00,1782849600,karachi,75.0,18.3,41.2,47.0,7.2,4.5,141.0,28.9,79.0,15.3,1000.5,20,1,30,6,0,0.0
2026-06-30 21:00:00+00:00,1782853200,karachi,75.0,17.6,39.7,48.0,6.1,4.3,125.0,28.7,80.0,15.5,1000.0,21,1,30,6,0,0.0
2026-06-30 22:00:00+00:00,1782856800,karachi,74.0,17.2,38.5,48.0,5.5,4.3,116.0,28.7,80.0,15.3,999.8,22,1,30,6,0,-1.0
2026-06-30 23:00:00+00:00,1782860400,karachi,74.0,17.1,38.0,49.0,5.3,4.4,114.0,28.5,82.0,15.3,999.5,23,1,30,6,0,0.0
2026-07-01 00:00:00+00:00,1782864000,karachi,74.0,17.2,39.1,49.0,5.4,4.6,127.0,28.5,85.0,15.4,999.3,0,2,1,7,0,0.0
2026-07-01 01:00:00+00:00,1782867600,karachi,74.0,17.6,38.9,49.0,6.7,4.9,171.0,28.5,84.0,14.9,999.4,1,2,1,7,0,0.0
2026-07-01 02:00:00+00:00,1782871200,karachi,73.0,19.2,44.5,50.0,8.3,5.3,231.0,28.9,82.0,15.4,999.7,2,2,1,7,0,-1.0
2026-07-01 03:00:00+00:00,1782874800,karachi,73.0,21.9,51.6,52.0,9.1,5.5,267.0,29.8,77.0,17.0,999.9,3,2,1,7,0,0.0
2026-07-01 04:00:00+00:00,1782878400,karachi,73.0,22.2,52.2,58.0,8.1,5.5,255.0,30.6,71.0,18.2,1000.2,4,2,1,7,0,0.0
2026-07-01 05:00:00+00:00,1782882000,karachi,73.0,21.6,51.1,66.0,6.3,5.3,218.0,31.2,69.0,18.8,1000.1,5,2,1,7,0,0.0
2026-07-01 06:00:00+00:00,1782885600,karachi,72.0,21.1,48.2,71.0,4.9,5.2,192.0,31.1,69.0,18.0,1000.2,6,2,1,7,0,-1.0
2026-07-01 07:00:00+00:00,1782889200,karachi,72.0,20.1,45.8,72.0,4.4,5.1,189.0,31.3,68.0,18.0,1000.0,7,2,1,7,0,0.0
2026-07-01 08:00:00+00:00,1782892800,karachi,72.0,24.2,59.6,71.0,4.3,5.0,196.0,31.8,67.0,18.2,999.4,8,2,1,7,0,0.0
2026-07-01 09:00:00+00:00,1782896400,karachi,72.0,21.4,48.3,69.0,4.6,4.9,207.0,31.3,69.0,18.0,998.8,9,2,1,7,0,0.0
2026-07-01 10:00:00+00:00,1782900000,karachi,71.0,21.2,47.4,65.0,5.3,4.9,224.0,31.3,70.0,18.0,998.5,10,2,1,7,0,-1.0
2026-07-01 11:00:00+00:00,1782903600,karachi,71.0,22.0,49.1,60.0,6.3,4.8,246.0,31.2,70.0,17.4,998.0,11,2,1,7,0,0.0
2026-07-01 12:00:00+00:00,1782907200,karachi,71.0,20.5,48.7,56.0,7.4,4.6,258.0,31.4,69.0,16.4,997.9,12,2,1,7,0,0.0
2026-07-01 13:00:00+00:00,1782910800,karachi,71.0,21.1,49.5,51.0,9.4,4.9,253.0,30.4,74.0,16.4,997.9,13,2,1,7,0,0.0
2026-07-01 14:00:00+00:00,1782914400,karachi,71.0,21.2,48.5,45.0,12.2,5.3,238.0,29.9,78.0,17.8,998.1,14,2,1,7,0,0.0
2026-07-01 15:00:00+00:00,1782918000,karachi,70.0,19.6,44.1,40.0,14.2,5.6,224.0,29.6,80.0,17.2,998.7,15,2,1,7,0,-1.0
2026-07-01 16:00:00+00:00,1782921600,karachi,70.0,18.2,39.1,38.0,14.7,5.7,216.0,29.4,81.0,16.3,999.7,16,2,1,7,0,0.0
2026-07-01 17:00:00+00:00,1782925200,karachi,70.0,18.3,38.6,37.0,14.4,5.7,210.0,29.2,83.0,14.8,1000.6,17,2,1,7,0,0.0
2026-07-01 18:00:00+00:00,1782928800,karachi,70.0,19.0,40.7,37.0,13.5,5.6,199.0,29.6,80.0,14.0,1000.3,18,2,1,7,0,0.0
2026-07-01 19:00:00+00:00,1782932400,karachi,71.0,19.5,42.4,38.0,11.7,5.3,180.0,29.3,81.0,13.3,1000.3,19,2,1,7,0,1.0
2026-07-01 20:00:00+00:00,1782936000,karachi,71.0,20.0,44.5,40.0,9.4,4.9,157.0,29.2,81.0,13.4,1000.2,20,2,1,7,0,0.0
2026-07-01 21:00:00+00:00,1782939600,karachi,71.0,20.2,45.2,41.0,7.6,4.7,140.0,28.8,84.0,13.2,999.8,21,2,1,7,0,0.0
2026-07-01 22:00:00+00:00,1782943200,karachi,71.0,20.2,45.8,41.0,6.8,4.7,127.0,28.7,85.0,12.7,999.6,22,2,1,7,0,0.0
2026-07-01 23:00:00+00:00,1782946800,karachi,71.0,19.9,45.2,40.0,6.7,4.9,120.0,28.6,86.0,12.6,999.3,23,2,1,7,0,0.0
2026-07-02 00:00:00+00:00,1782950400,karachi,71.0,19.2,44.4,41.0,7.3,5.3,131.0,28.6,87.0,12.1,999.2,0,3,2,7,0,0.0
2026-07-02 01:00:00+00:00,1782954000,karachi,71.0,19.0,43.4,41.0,8.5,5.9,181.0,28.5,87.0,11.6,999.6,1,3,2,7,0,0.0
2026-07-02 02:00:00+00:00,1782957600,karachi,72.0,20.8,51.2,41.0,10.2,6.6,250.0,29.0,84.0,11.8,1000.1,2,3,2,7,0,1.0
2026-07-02 03:00:00+00:00,1782961200,karachi,72.0,22.7,59.4,43.0,10.9,7.1,292.0,29.9,78.0,12.3,1000.4,3,3,2,7,0,0.0
2026-07-02 04:00:00+00:00,1782964800,karachi,72.0,22.8,58.9,50.0,9.8,7.0,278.0,30.7,74.0,13.7,1000.7,4,3,2,7,0,0.0
2026-07-02 05:00:00+00:00,1782968400,karachi,72.0,23.2,61.2,59.0,7.8,6.6,236.0,31.2,72.0,14.0,1001.2,5,3,2,7,0,0.0
2026-07-02 06:00:00+00:00,1782972000,karachi,72.0,24.4,64.7,66.0,6.2,6.3,204.0,32.0,68.0,15.1,1001.1,6,3,2,7,0,0.0
2026-07-02 07:00:00+00:00,1782975600,karachi,72.0,24.3,65.9,68.0,5.3,6.1,195.0,32.1,67.0,15.7,1000.9,7,3,2,7,0,0.0
2026-07-02 08:00:00+00:00,1782979200,karachi,73.0,24.4,66.4,68.0,4.8,5.9,195.0,32.3,67.0,15.4,1000.6,8,3,2,7,0,1.0
2026-07-02 09:00:00+00:00,1782982800,karachi,73.0,25.0,66.6,67.0,4.8,5.7,201.0,32.4,66.0,15.9,1000.2,9,3,2,7,0,0.0
2026-07-02 10:00:00+00:00,1782986400,karachi,73.0,24.7,65.4,65.0,5.4,5.6,215.0,32.2,67.0,16.1,999.7,10,3,2,7,0,0.0
2026-07-02 11:00:00+00:00,1782990000,karachi,73.0,23.8,61.7,61.0,6.6,5.5,234.0,31.8,68.0,16.5,999.1,11,3,2,7,0,0.0
2026-07-02 12:00:00+00:00,1782993600,karachi,73.0,28.3,75.9,57.0,7.7,5.4,246.0,31.3,70.0,15.9,999.3,12,3,2,7,0,0.0
2026-07-02 13:00:00+00:00,1782997200,karachi,74.0,27.2,74.5,53.0,9.5,5.7,244.0,30.6,73.0,13.8,999.8,13,3,2,7,0,1.0
2026-07-02 14:00:00+00:00,1783000800,karachi,74.0,27.6,74.0,48.0,12.2,6.2,234.0,30.1,75.0,12.9,1000.6,14,3,2,7,0,0.0
2026-07-02 15:00:00+00:00,1783004400,karachi,75.0,27.1,69.4,43.0,14.7,6.7,226.0,29.6,79.0,13.6,1000.8,15,3,2,7,0,1.0
2026-07-02 16:00:00+00:00,1783008000,karachi,75.0,24.9,61.9,39.0,17.5,7.4,225.0,29.4,81.0,12.5,1001.7,16,3,2,7,0,0.0
2026-07-02 17:00:00+00:00,1783011600,karachi,76.0,25.0,60.5,35.0,20.2,8.1,225.0,29.3,81.0,12.0,1002.5,17,3,2,7,0,1.0
2026-07-02 18:00:00+00:00,1783015200,karachi,77.0,24.3,56.0,33.0,20.9,8.3,216.0,29.2,82.0,14.0,1002.7,18,3,2,7,0,1.0
2026-07-02 19:00:00+00:00,1783018800,karachi,77.0,22.8,52.7,35.0,17.9,7.5,190.0,28.9,82.0,12.6,1002.1,19,3,2,7,0,0.0
2026-07-02 20:00:00+00:00,1783022400,karachi,77.0,20.8,48.2,40.0,13.0,6.2,155.0,28.8,83.0,12.9,1001.7,20,3,2,7,0,0.0
2026-07-02 21:00:00+00:00,1783026000,karachi,77.0,19.9,46.6,44.0,9.1,5.3,130.0,28.7,84.0,13.4,1001.4,21,3,2,7,0,0.0
2026-07-02 22:00:00+00:00,1783029600,karachi,77.0,19.5,45.9,45.0,7.5,5.1,119.0,28.6,84.0,13.1,1001.1,22,3,2,7,0,0.0
2026-07-02 23:00:00+00:00,1783033200,karachi,77.0,19.2,45.4,45.0,7.0,5.3,117.0,28.5,84.0,12.7,1001.1,23,3,2,7,0,0.0
2026-07-03 00:00:00+00:00,1783036800,karachi,77.0,21.0,51.1,46.0,8.0,6.0,132.0,28.8,86.0,12.0,1001.0,0,4,3,7,0,0.0
2026-07-03 01:00:00+00:00,1783040400,karachi,77.0,20.6,49.9,47.0,8.5,6.2,180.0,28.7,86.0,10.7,1001.4,1,4,3,7,0,0.0
2026-07-03 02:00:00+00:00,1783044000,karachi,77.0,21.6,56.7,50.0,9.2,6.5,245.0,29.2,82.0,11.0,1002.3,2,4,3,7,0,0.0
2026-07-03 03:00:00+00:00,1783047600,karachi,77.0,22.4,61.2,53.0,9.3,6.6,282.0,30.3,76.0,12.5,1002.5,3,4,3,7,0,0.0
2026-07-03 04:00:00+00:00,1783051200,karachi,77.0,24.1,65.7,58.0,8.3,6.5,262.0,31.3,71.0,14.7,1002.6,4,4,3,7,0,0.0
2026-07-03 05:00:00+00:00,1783054800,karachi,78.0,25.1,71.7,65.0,6.8,6.3,215.0,32.2,66.0,15.6,1002.9,5,4,3,7,0,1.0
2026-07-03 06:00:00+00:00,1783058400,karachi,78.0,26.1,76.1,70.0,5.6,6.1,181.0,32.9,60.0,15.5,1003.1,6,4,3,7,0,0.0
2026-07-03 07:00:00+00:00,1783062000,karachi,78.0,26.1,73.6,72.0,5.0,5.9,178.0,32.6,62.0,15.2,1002.7,7,4,3,7,0,0.0
2026-07-03 08:00:00+00:00,1783065600,karachi,78.0,26.6,76.6,73.0,4.8,5.6,188.0,32.8,62.0,15.7,1002.1,8,4,3,7,0,0.0
2026-07-03 09:00:00+00:00,1783069200,karachi,78.0,24.6,67.8,72.0,4.8,5.4,200.0,32.8,61.0,15.8,1001.6,9,4,3,7,0,0.0
2026-07-03 10:00:00+00:00,1783072800,karachi,78.0,23.6,65.2,69.0,5.1,5.3,215.0,32.5,64.0,15.8,1001.1,10,4,3,7,0,0.0
2026-07-03 11:00:00+00:00,1783076400,karachi,78.0,22.4,60.5,65.0,5.7,5.2,233.0,32.2,65.0,15.3,1000.6,11,4,3,7,0,0.0
2026-07-03 12:00:00+00:00,1783080000,karachi,78.0,28.1,78.2,65.0,7.0,5.7,242.0,31.7,66.0,14.7,1000.2,12,4,3,7,0,0.0
2026-07-03 13:00:00+00:00,1783083600,karachi,78.0,27.2,74.3,58.0,8.8,5.8,235.0,30.7,71.0,15.7,1000.2,13,4,3,7,0,0.0
2026-07-03 14:00:00+00:00,1783087200,karachi,78.0,26.1,67.8,49.0,11.2,5.9,219.0,30.1,74.0,14.5,1000.7,14,4,3,7,0,0.0
2026-07-03 15:00:00+00:00,1783090800,karachi,78.0,26.0,64.0,42.0,12.7,5.9,203.0,29.9,75.0,15.8,1001.0,15,4,3,7,0,0.0
2026-07-03 16:00:00+00:00,1783094400,karachi,78.0,25.2,61.0,41.0,12.4,5.8,191.0,29.7,78.0,15.2,1001.8,16,4,3,7,0,0.0
2026-07-03 17:00:00+00:00,1783098000,karachi,78.0,22.3,54.0,43.0,11.2,5.6,178.0,29.5,79.0,17.0,1002.4,17,4,3,7,0,0.0
2026-07-03 18:00:00+00:00,1783101600,karachi,77.0,23.5,57.7,45.0,9.9,5.4,165.0,29.4,78.0,17.2,1002.4,18,4,3,7,0,-1.0
2026-07-03 19:00:00+00:00,1783105200,karachi,77.0,22.6,53.7,47.0,8.7,5.1,148.0,29.2,80.0,15.5,1002.4,19,4,3,7,0,0.0
2026-07-03 20:00:00+00:00,1783108800,karachi,77.0,22.6,52.9,49.0,7.4,4.9,131.0,29.0,81.0,15.7,1002.0,20,4,3,7,0,0.0
2026-07-03 21:00:00+00:00,1783112400,karachi,78.0,21.1,47.1,51.0,6.4,4.7,119.0,28.9,82.0,13.5,1001.0,21,4,3,7,0,1.0
2026-07-03 22:00:00+00:00,1783116000,karachi,78.0,20.5,46.0,52.0,5.8,4.7,112.0,28.7,82.0,14.6,1000.5,22,4,3,7,0,0.0
2026-07-03 23:00:00+00:00,1783119600,karachi,78.0,20.7,48.0,52.0,5.5,4.9,109.0,28.6,83.0,14.6,1000.2,23,4,3,7,0,0.0
2026-07-04 00:00:00+00:00,1783123200,karachi,78.0,21.4,51.9,53.0,5.4,5.0,121.0,29.0,80.0,13.5,1000.0,0,5,4,7,1,0.0
2026-07-04 01:00:00+00:00,1783126800,karachi,78.0,22.6,55.2,53.0,6.5,5.2,161.0,29.0,81.0,14.9,1000.6,1,5,4,7,1,0.0
2026-07-04 02:00:00+00:00,1783130400,karachi,78.0,25.4,68.9,54.0,8.0,5.4,214.0,29.4,79.0,15.3,1001.2,2,5,4,7,1,0.0
2026-07-04 03:00:00+00:00,1783134000,karachi,78.0,31.2,88.0,56.0,8.7,5.6,246.0,30.2,75.0,16.2,1001.4,3,5,4,7,1,0.0
2026-07-04 04:00:00+00:00,1783137600,karachi,79.0,34.3,100.4,61.0,7.8,5.6,236.0,30.9,71.0,17.2,1001.2,4,5,4,7,1,1.0
2026-07-04 05:00:00+00:00,1783141200,karachi,80.0,35.9,108.3,68.0,6.1,5.5,206.0,32.1,65.0,16.2,1000.7,5,5,4,7,1,1.0
2026-07-04 06:00:00+00:00,1783144800,karachi,81.0,37.0,116.9,74.0,4.7,5.3,183.0,32.0,66.0,16.8,1001.2,6,5,4,7,1,1.0
2026-07-04 07:00:00+00:00,1783148400,karachi,82.0,37.5,119.2,78.0,3.9,5.1,178.0,32.0,66.0,16.7,1000.6,7,5,4,7,1,1.0
2026-07-04 08:00:00+00:00,1783152000,karachi,82.0,38.4,121.5,81.0,3.3,4.8,182.0,32.0,66.0,17.0,1000.0,8,5,4,7,1,0.0
2026-07-04 09:00:00+00:00,1783155600,karachi,83.0,34.8,108.5,82.0,3.3,4.7,190.0,32.1,67.0,17.5,999.1,9,5,4,7,1,1.0
2026-07-04 10:00:00+00:00,1783159200,karachi,84.0,33.8,104.5,79.0,4.0,4.8,207.0,32.3,67.0,17.6,998.6,10,5,4,7,1,1.0
2026-07-04 11:00:00+00:00,1783162800,karachi,85.0,33.6,105.2,73.0,5.2,5.1,230.0,31.9,69.0,16.8,998.0,11,5,4,7,1,1.0
2026-07-04 12:00:00+00:00,1783166400,karachi,86.0,41.4,143.4,68.0,6.4,5.0,242.0,31.4,72.0,15.7,997.6,12,5,4,7,1,1.0
2026-07-04 13:00:00+00:00,1783170000,karachi,87.0,39.8,132.7,61.0,8.8,5.3,236.0,30.7,75.0,14.7,997.6,13,5,4,7,1,1.0
2026-07-04 14:00:00+00:00,1783173600,karachi,88.0,38.2,121.1,52.0,12.1,5.7,219.0,29.8,79.0,14.7,998.0,14,5,4,7,1,1.0
2026-07-04 15:00:00+00:00,1783177200,karachi,89.0,36.8,106.9,46.0,14.3,5.9,203.0,29.5,81.0,13.5,998.7,15,5,4,7,1,1.0
2026-07-04 16:00:00+00:00,1783180800,karachi,90.0,33.6,99.7,45.0,14.3,5.9,191.0,29.2,82.0,15.9,999.4,16,5,4,7,1,1.0
2026-07-04 17:00:00+00:00,1783184400,karachi,90.0,35.4,104.1,46.0,13.2,5.8,180.0,29.2,83.0,15.4,999.7,17,5,4,7,1,0.0
2026-07-04 18:00:00+00:00,1783188000,karachi,91.0,37.0,107.8,48.0,11.8,5.6,167.0,29.3,82.0,13.8,999.6,18,5,4,7,1,1.0
2026-07-04 19:00:00+00:00,1783191600,karachi,92.0,34.6,96.4,49.0,10.3,5.3,148.0,29.0,84.0,13.4,999.5,19,5,4,7,1,1.0
2026-07-04 20:00:00+00:00,1783195200,karachi,93.0,31.4,86.1,50.0,8.5,4.9,128.0,28.7,86.0,13.3,999.0,20,5,4,7,1,1.0
2026-07-04 21:00:00+00:00,1783198800,karachi,94.0,29.8,82.0,51.0,7.1,4.6,113.0,28.6,86.0,12.6,998.8,21,5,4,7,1,1.0
2026-07-04 22:00:00+00:00,1783202400,karachi,95.0,28.6,78.7,52.0,6.2,4.5,107.0,28.6,85.0,12.1,998.7,22,5,4,7,1,1.0
2026-07-04 23:00:00+00:00,1783206000,karachi,95.0,27.8,77.1,52.0,5.6,4.5,107.0,28.6,84.0,12.8,998.5,23,5,4,7,1,0.0
2026-07-05 00:00:00+00:00,1783209600,karachi,96.0,30.3,84.5,56.0,4.8,4.3,115.0,28.4,87.0,11.9,998.0,0,6,5,7,1,1.0
2026-07-05 01:00:00+00:00,1783213200,karachi,97.0,30.6,87.1,56.0,5.4,4.7,140.0,28.5,86.0,12.5,998.6,1,6,5,7,1,1.0
2026-07-05 02:00:00+00:00,1783216800,karachi,97.0,32.4,99.0,57.0,6.1,5.2,174.0,28.9,83.0,13.7,998.7,2,6,5,7,1,0.0
2026-07-05 03:00:00+00:00,1783220400,karachi,98.0,36.7,114.1,60.0,6.3,5.6,194.0,29.9,77.0,15.5,998.7,3,6,5,7,1,1.0
2026-07-05 04:00:00+00:00,1783224000,karachi,98.0,39.3,122.5,69.0,5.5,5.8,186.0,31.1,69.0,18.5,998.8,4,6,5,7,1,0.0
2026-07-05 05:00:00+00:00,1783227600,karachi,99.0,39.7,122.0,80.0,4.3,6.0,165.0,32.1,64.0,15.9,998.5,5,6,5,7,1,1.0
2026-07-05 06:00:00+00:00,1783231200,karachi,99.0,39.0,119.0,89.0,3.3,6.0,150.0,32.5,61.0,14.9,999.2,6,6,5,7,1,0.0
2026-07-05 07:00:00+00:00,1783234800,karachi,99.0,37.8,114.3,93.0,2.8,5.9,149.0,32.9,60.0,14.7,999.0,7,6,5,7,1,0.0
2026-07-05 08:00:00+00:00,1783238400,karachi,99.0,37.0,111.5,95.0,2.6,5.7,154.0,33.2,59.0,15.8,998.2,8,6,5,7,1,0.0
2026-07-05 09:00:00+00:00,1783242000,karachi,99.0,36.7,110.4,93.0,2.7,5.5,161.0,33.2,60.0,16.1,997.5,9,6,5,7,1,0.0
2026-07-05 10:00:00+00:00,1783245600,karachi,99.0,36.8,109.7,87.0,3.0,5.4,172.0,32.8,63.0,16.4,997.3,10,6,5,7,1,0.0
2026-07-05 11:00:00+00:00,1783249200,karachi,99.0,36.3,105.9,78.0,3.6,5.3,186.0,32.0,67.0,16.8,996.6,11,6,5,7,1,0.0
2026-07-05 12:00:00+00:00,1783252800,karachi,100.0,46.8,134.1,71.0,4.4,5.2,192.0,31.9,68.0,15.4,996.5,12,6,5,7,1,1.0
2026-07-05 13:00:00+00:00,1783256400,karachi,100.0,46.4,131.3,65.0,5.6,5.3,185.0,31.0,72.0,15.7,996.9,13,6,5,7,1,0.0
2026-07-05 14:00:00+00:00,1783260000,karachi,101.0,44.4,120.1,57.0,7.3,5.5,172.0,30.6,74.0,16.0,997.4,14,6,5,7,1,1.0
2026-07-05 15:00:00+00:00,1783263600,karachi,101.0,42.7,110.6,50.0,8.8,5.7,160.0,30.2,76.0,16.0,998.2,15,6,5,7,1,0.0
2026-07-05 16:00:00+00:00,1783267200,karachi,102.0,41.3,102.4,47.0,9.9,5.9,154.0,29.8,80.0,12.9,998.7,16,6,5,7,1,1.0
2026-07-05 17:00:00+00:00,1783270800,karachi,103.0,35.9,88.7,46.0,10.7,6.2,149.0,29.6,82.0,11.5,999.3,17,6,5,7,1,1.0
2026-07-05 18:00:00+00:00,1783274400,karachi,103.0,34.0,83.6,46.0,11.0,6.3,143.0,29.8,80.0,11.0,999.1,18,6,5,7,1,0.0
2026-07-05 19:00:00+00:00,1783278000,karachi,103.0,33.3,82.4,46.0,10.4,6.1,133.0,29.4,83.0,10.6,998.7,19,6,5,7,1,0.0
2026-07-05 20:00:00+00:00,1783281600,karachi,102.0,32.4,78.9,46.0,9.3,5.7,121.0,29.0,86.0,9.2,998.1,20,6,5,7,1,-1.0
2026-07-05 21:00:00+00:00,1783285200,karachi,103.0,31.8,77.8,46.0,8.3,5.5,114.0,29.0,87.0,9.0,997.8,21,6,5,7,1,1.0
2026-07-05 22:00:00+00:00,1783288800,karachi,103.0,32.2,78.2,46.0,7.7,5.5,108.0,28.7,89.0,10.0,997.6,22,6,5,7,1,0.0
2026-07-05 23:00:00+00:00,1783292400,karachi,103.0,40.7,103.6,46.0,7.3,5.7,105.0,28.6,90.0,9.6,997.6,23,6,5,7,1,0.0
2026-07-06 00:00:00+00:00,1783296000,karachi,104.0,28.9,64.5,48.0,7.2,5.6,121.0,28.7,89.0,11.2,997.3,0,0,6,7,0,1.0
2026-07-06 01:00:00+00:00,1783299600,karachi,104.0,29.9,70.3,49.0,8.2,6.2,175.0,28.8,88.0,11.0,997.8,1,0,6,7,0,0.0
2026-07-06 02:00:00+00:00,1783303200,karachi,104.0,34.2,93.8,51.0,9.5,7.1,247.0,29.2,86.0,10.3,998.5,2,0,6,7,0,0.0
2026-07-06 03:00:00+00:00,1783306800,karachi,104.0,38.5,111.5,56.0,10.0,7.7,292.0,30.3,80.0,10.5,998.8,3,0,6,7,0,0.0
2026-07-06 04:00:00+00:00,1783310400,karachi,105.0,43.1,126.7,68.0,8.7,8.0,281.0,31.6,72.0,12.0,998.9,4,0,6,7,0,1.0
2026-07-06 05:00:00+00:00,1783314000,karachi,105.0,45.9,134.1,84.0,6.6,8.1,242.0,32.6,67.0,12.6,998.7,5,0,6,7,0,0.0
2026-07-06 06:00:00+00:00,1783317600,karachi,106.0,47.7,133.6,97.0,4.9,8.0,213.0,33.1,62.0,11.4,999.0,6,0,6,7,0,1.0
2026-07-06 07:00:00+00:00,1783321200,karachi,107.0,46.9,125.7,104.0,4.1,7.6,210.0,33.3,63.0,12.1,998.4,7,0,6,7,0,1.0
2026-07-06 08:00:00+00:00,1783324800,karachi,107.0,45.1,117.3,107.0,3.7,7.1,218.0,33.3,64.0,13.1,997.6,8,0,6,7,0,0.0
2026-07-06 09:00:00+00:00,1783328400,karachi,108.0,42.0,106.9,106.0,3.8,6.7,228.0,33.2,66.0,14.4,997.0,9,0,6,7,0,1.0
2026-07-06 10:00:00+00:00,1783332000,karachi,109.0,38.4,95.9,99.0,4.5,6.6,240.0,32.6,69.0,14.2,996.5,10,0,6,7,0,1.0
2026-07-06 11:00:00+00:00,1783335600,karachi,109.0,35.0,85.7,89.0,5.6,6.6,254.0,32.1,70.0,13.0,996.3,11,0,6,7,0,0.0
2026-07-06 12:00:00+00:00,1783339200,karachi,109.0,42.6,110.8,91.0,8.0,7.5,262.0,31.8,72.0,13.3,995.9,12,0,6,7,0,0.0
2026-07-06 13:00:00+00:00,1783342800,karachi,108.0,39.0,97.6,78.0,10.9,7.5,259.0,30.9,76.0,13.4,996.2,13,0,6,7,0,-1.0
2026-07-06 14:00:00+00:00,1783346400,karachi,108.0,35.0,83.8,60.0,15.0,7.6,249.0,30.0,81.0,13.9,996.3,14,0,6,7,0,0.0
2026-07-06 15:00:00+00:00,1783350000,karachi,107.0,30.4,69.6,46.0,18.6,7.8,239.0,29.8,81.0,12.8,996.7,15,0,6,7,0,-1.0
2026-07-06 16:00:00+00:00,1783353600,karachi,105.0,27.2,60.1,39.0,21.4,8.3,230.0,29.9,80.0,9.6,998.0,16,0,6,7,0,-2.0
2026-07-06 17:00:00+00:00,1783357200,karachi,104.0,26.8,57.5,36.0,23.8,8.9,221.0,29.8,81.0,7.5,998.5,17,0,6,7,0,-1.0
2026-07-06 18:00:00+00:00,1783360800,karachi,103.0,26.7,54.2,35.0,24.6,9.2,210.0,29.7,81.0,7.8,998.4,18,0,6,7,0,-1.0
2026-07-06 19:00:00+00:00,1783364400,karachi,102.0,27.3,54.4,36.0,23.0,8.9,195.0,29.3,83.0,6.2,998.2,19,0,6,7,0,-1.0
2026-07-06 20:00:00+00:00,1783368000,karachi,102.0,26.1,50.3,39.0,19.8,8.3,178.0,29.1,85.0,5.7,997.9,20,0,6,7,0,0.0
2026-07-06 21:00:00+00:00,1783371600,karachi,101.0,24.7,47.0,42.0,17.0,7.8,165.0,28.8,87.0,2.9,997.7,21,0,6,7,0,-1.0
2026-07-06 22:00:00+00:00,1783375200,karachi,100.0,23.5,43.4,44.0,15.1,7.7,152.0,28.5,88.0,5.6,997.1,22,0,6,7,0,-1.0
2026-07-06 23:00:00+00:00,1783378800,karachi,99.0,22.8,41.7,46.0,13.6,7.7,143.0,28.4,89.0,7.3,996.6,23,0,6,7,0,-1.0
2026-07-07 00:00:00+00:00,1783382400,karachi,98.0,24.4,48.3,45.0,14.0,8.2,155.0,28.7,91.0,9.7,998.1,0,1,7,7,0,-1.0
2026-07-07 01:00:00+00:00,1783386000,karachi,98.0,25.0,49.5,51.0,13.5,8.2,211.0,28.6,92.0,8.4,998.3,1,1,7,7,0,0.0
2026-07-07 02:00:00+00:00,1783389600,karachi,97.0,27.9,60.3,59.0,12.7,8.1,288.0,29.4,87.0,9.6,998.6,2,1,7,7,0,-1.0
2026-07-07 03:00:00+00:00,1783393200,karachi,97.0,28.1,63.3,69.0,11.6,8.1,336.0,30.2,83.0,11.2,998.4,3,1,7,7,0,0.0
2026-07-07 04:00:00+00:00,1783396800,karachi,96.0,29.2,67.1,83.0,9.8,8.3,325.0,31.1,77.0,10.1,998.5,4,1,7,7,0,-1.0
2026-07-07 05:00:00+00:00,1783400400,karachi,95.0,31.1,69.8,100.0,7.5,8.5,285.0,32.2,71.0,10.4,998.3,5,1,7,7,0,-1.0
2026-07-07 06:00:00+00:00,1783404000,karachi,94.0,31.3,68.5,112.0,5.8,8.6,254.0,32.8,67.0,11.4,998.3,6,1,7,7,0,-1.0
2026-07-07 07:00:00+00:00,1783407600,karachi,92.0,31.2,67.5,118.0,4.9,8.4,247.0,33.5,65.0,10.3,997.6,7,1,7,7,0,-2.0
2026-07-07 08:00:00+00:00,1783411200,karachi,91.0,30.4,65.9,120.0,4.4,8.1,250.0,33.7,66.0,11.3,997.1,8,1,7,7,0,-1.0
2026-07-07 09:00:00+00:00,1783414800,karachi,90.0,29.9,65.0,118.0,4.5,7.8,259.0,32.9,70.0,14.5,996.7,9,1,7,7,0,-1.0
2026-07-07 10:00:00+00:00,1783418400,karachi,89.0,29.6,65.2,110.0,5.2,7.5,278.0,32.5,69.0,13.6,996.3,10,1,7,7,0,-1.0
2026-07-07 11:00:00+00:00,1783422000,karachi,88.0,29.3,64.5,97.0,6.5,7.1,303.0,32.2,70.0,11.8,995.8,11,1,7,7,0,-1.0
2026-07-07 12:00:00+00:00,1783425600,karachi,88.0,29.3,61.9,94.0,7.8,7.6,319.0,32.2,70.0,9.6,996.3,12,1,7,7,0,0.0
2026-07-07 13:00:00+00:00,1783429200,karachi,87.0,29.4,65.2,83.0,9.5,7.5,318.0,31.1,77.0,12.1,995.9,13,1,7,7,0,-1.0
2026-07-07 14:00:00+00:00,1783432800,karachi,86.0,28.1,63.6,68.0,11.8,7.3,308.0,30.3,83.0,16.5,996.0,14,1,7,7,0,-1.0
2026-07-07 15:00:00+00:00,1783436400,karachi,86.0,25.2,58.6,57.0,13.4,7.1,292.0,30.1,83.0,13.9,997.3,15,1,7,7,0,0.0
2026-07-07 16:00:00+00:00,1783440000,karachi,85.0,25.4,59.6,53.0,13.8,7.0,270.0,30.0,84.0,11.6,997.7,16,1,7,7,0,-1.0
2026-07-07 17:00:00+00:00,1783443600,karachi,85.0,24.2,51.1,52.0,13.5,6.9,242.0,29.7,85.0,9.8,998.4,17,1,7,7,0,0.0
2026-07-07 18:00:00+00:00,1783447200,karachi,85.0,24.1,49.5,52.0,12.7,6.7,214.0,29.7,84.0,11.4,998.4,18,1,7,7,0,0.0
2026-07-07 19:00:00+00:00,1783450800,karachi,85.0,23.7,46.9,52.0,11.4,6.3,185.0,29.4,86.0,11.4,997.9,19,1,7,7,0,0.0
2026-07-07 20:00:00+00:00,1783454400,karachi,84.0,23.6,46.9,53.0,9.6,5.8,156.0,29.3,85.0,10.9,997.5,20,1,7,7,0,-1.0
2026-07-07 21:00:00+00:00,1783458000,karachi,84.0,23.1,45.3,54.0,8.1,5.4,137.0,29.2,87.0,9.2,997.4,21,1,7,7,0,0.0
2026-07-07 22:00:00+00:00,1783461600,karachi,84.0,23.0,46.4,54.0,7.1,5.2,128.0,29.1,87.0,10.4,997.0,22,1,7,7,0,0.0
2026-07-07 23:00:00+00:00,1783465200,karachi,84.0,22.9,47.5,54.0,6.3,5.1,128.0,28.9,89.0,10.5,996.6,23,1,7,7,0,0.0
2026-07-08 00:00:00+00:00,1783468800,karachi,84.0,23.2,49.0,54.0,6.7,5.5,146.0,28.7,90.0,11.0,996.5,0,2,8,7,0,0.0
2026-07-08 01:00:00+00:00,1783472400,karachi,84.0,23.7,52.0,53.0,8.7,6.0,198.0,28.5,89.0,10.6,996.5,1,2,8,7,0,0.0
2026-07-08 02:00:00+00:00,1783476000,karachi,84.0,25.7,60.3,52.0,11.3,6.8,268.0,29.0,85.0,11.1,997.2,2,2,8,7,0,0.0
2026-07-08 03:00:00+00:00,1783479600,karachi,84.0,28.4,74.0,55.0,12.6,7.3,310.0,30.0,78.0,11.9,997.7,3,2,8,7,0,0.0
2026-07-08 04:00:00+00:00,1783483200,karachi,84.0,32.5,87.1,67.0,11.1,7.4,299.0,31.3,71.0,10.8,998.0,4,2,8,7,0,0.0
2026-07-08 05:00:00+00:00,1783486800,karachi,84.0,34.1,91.7,85.0,8.3,7.3,260.0,32.0,68.0,11.8,998.2,5,2,8,7,0,0.0
2026-07-08 06:00:00+00:00,1783490400,karachi,84.0,35.0,94.5,97.0,5.9,7.0,229.0,32.0,68.0,15.5,998.1,6,2,8,7,0,0.0
2026-07-08 07:00:00+00:00,1783494000,karachi,85.0,34.9,93.4,101.0,4.7,6.5,217.0,32.1,68.0,16.6,998.1,7,2,8,7,0,1.0
2026-07-08 08:00:00+00:00,1783497600,karachi,85.0,33.9,88.2,101.0,4.0,6.0,213.0,32.0,69.0,17.1,997.6,8,2,8,7,0,0.0
2026-07-08 09:00:00+00:00,1783501200,karachi,85.0,32.8,82.2,98.0,3.9,5.5,217.0,32.1,69.0,18.0,997.1,9,2,8,7,0,0.0
2026-07-08 10:00:00+00:00,1783504800,karachi,85.0,31.7,76.6,92.0,4.5,5.3,234.0,32.1,70.0,18.0,996.7,10,2,8,7,0,0.0
2026-07-08 11:00:00+00:00,1783508400,karachi,85.0,30.6,72.6,82.0,5.7,5.1,259.0,31.7,72.0,18.4,996.0,11,2,8,7,0,0.0
2026-07-08 12:00:00+00:00,1783512000,karachi,86.0,37.5,89.9,72.0,7.5,5.2,272.0,31.2,74.0,19.4,996.2,12,2,8,7,0,1.0
2026-07-08 13:00:00+00:00,1783515600,karachi,86.0,35.5,81.0,66.0,9.0,5.3,263.0,30.3,77.0,19.3,996.3,13,2,8,7,0,0.0
2026-07-08 14:00:00+00:00,1783519200,karachi,87.0,30.9,67.5,58.0,11.1,5.4,242.0,29.6,80.0,18.2,996.6,14,2,8,7,0,1.0
2026-07-08 15:00:00+00:00,1783522800,karachi,87.0,27.6,59.0,52.0,12.7,5.5,224.0,29.4,80.0,17.2,997.2,15,2,8,7,0,0.0
2026-07-08 16:00:00+00:00,1783526400,karachi,87.0,26.5,53.1,49.0,13.4,5.7,214.0,29.1,82.0,15.6,998.1,16,2,8,7,0,0.0
2026-07-08 17:00:00+00:00,1783530000,karachi,87.0,25.6,51.9,48.0,13.5,5.9,207.0,29.0,82.0,15.0,999.0,17,2,8,7,0,0.0
2026-07-08 18:00:00+00:00,1783533600,karachi,87.0,25.3,52.7,47.0,13.0,6.0,196.0,29.3,81.0,14.5,998.8,18,2,8,7,0,0.0
2026-07-08 19:00:00+00:00,1783537200,karachi,87.0,24.8,53.1,47.0,11.6,5.7,177.0,28.9,83.0,15.1,998.5,19,2,8,7,0,0.0
2026-07-08 20:00:00+00:00,1783540800,karachi,87.0,23.7,52.3,48.0,9.5,5.3,155.0,28.9,83.0,15.6,998.5,20,2,8,7,0,0.0
2026-07-08 21:00:00+00:00,1783544400,karachi,87.0,22.6,51.7,48.0,7.7,4.9,138.0,28.5,88.0,13.9,998.0,21,2,8,7,0,0.0
2026-07-08 22:00:00+00:00,1783548000,karachi,87.0,21.5,50.6,48.0,6.4,4.7,126.0,28.4,88.0,13.5,998.1,22,2,8,7,0,0.0
2026-07-08 23:00:00+00:00,1783551600,karachi,87.0,20.0,47.8,48.0,5.3,4.5,119.0,28.2,88.0,14.6,998.1,23,2,8,7,0,0.0
2026-07-09 00:00:00+00:00,1783555200,karachi,87.0,20.2,48.3,50.0,5.4,4.5,128.0,28.5,87.0,15.2,998.4,0,3,9,7,0,0.0
2026-07-09 01:00:00+00:00,1783558800,karachi,87.0,19.4,46.2,49.0,6.5,4.7,169.0,28.4,87.0,15.4,998.8,1,3,9,7,0,0.0
2026-07-09 02:00:00+00:00,1783562400,karachi,87.0,22.1,55.8,49.0,7.8,5.1,227.0,28.9,84.0,17.3,999.3,2,3,9,7,0,0.0
2026-07-09 03:00:00+00:00,1783566000,karachi,86.0,24.1,61.7,51.0,8.4,5.3,261.0,29.7,78.0,18.2,999.7,3,3,9,7,0,-1.0
2026-07-09 04:00:00+00:00,1783569600,karachi,86.0,26.3,66.6,58.0,7.3,5.4,249.0,30.4,74.0,19.2,1000.1,4,3,9,7,0,0.0
2026-07-09 05:00:00+00:00,1783573200,karachi,85.0,26.3,66.6,67.0,5.4,5.4,213.0,31.0,71.0,19.5,1000.2,5,3,9,7,0,-1.0
2026-07-09 06:00:00+00:00,1783576800,karachi,85.0,26.0,65.4,74.0,3.9,5.3,186.0,31.7,66.0,19.9,1000.7,6,3,9,7,0,0.0
2026-07-09 07:00:00+00:00,1783580400,karachi,84.0,25.5,64.3,77.0,3.3,5.2,179.0,31.8,64.0,19.9,1000.6,7,3,9,7,0,-1.0
2026-07-09 08:00:00+00:00,1783584000,karachi,83.0,26.6,67.8,78.0,3.0,5.1,181.0,32.0,64.0,19.7,1000.4,8,3,9,7,0,-1.0
2026-07-09 09:00:00+00:00,1783587600,karachi,83.0,26.7,67.3,77.0,3.2,5.0,187.0,31.8,64.0,20.2,1000.2,9,3,9,7,0,0.0
2026-07-09 10:00:00+00:00,1783591200,karachi,82.0,25.3,61.5,73.0,3.8,4.9,198.0,31.5,67.0,21.4,1000.1,10,3,9,7,0,-1.0
2026-07-09 11:00:00+00:00,1783594800,karachi,82.0,24.7,57.0,68.0,4.7,4.9,214.0,31.0,68.0,20.7,999.8,11,3,9,7,0,0.0
2026-07-09 12:00:00+00:00,1783598400,karachi,81.0,29.0,67.8,63.0,6.2,5.2,224.0,30.8,67.0,19.9,999.8,12,3,9,7,0,-1.0
2026-07-09 13:00:00+00:00,1783602000,karachi,81.0,29.2,65.2,58.0,7.9,5.3,225.0,29.9,72.0,19.1,1000.1,13,3,9,7,0,0.0
2026-07-09 14:00:00+00:00,1783605600,karachi,80.0,28.9,62.9,51.0,10.2,5.3,220.0,29.4,74.0,18.1,1000.6,14,3,9,7,0,-1.0
2026-07-09 15:00:00+00:00,1783609200,karachi,80.0,26.1,55.6,46.0,11.7,5.4,212.0,29.3,73.0,17.6,1001.2,15,3,9,7,0,0.0
2026-07-09 16:00:00+00:00,1783612800,karachi,80.0,23.8,49.9,44.0,11.8,5.4,203.0,29.1,76.0,19.6,1001.6,16,3,9,7,0,0.0
2026-07-09 17:00:00+00:00,1783616400,karachi,80.0,23.3,49.5,44.0,11.0,5.4,191.0,28.9,77.0,17.7,1002.5,17,3,9,7,0,0.0
2026-07-09 18:00:00+00:00,1783620000,karachi,80.0,22.4,48.2,44.0,9.9,5.3,176.0,29.2,78.0,17.2,1002.3,18,3,9,7,0,0.0
2026-07-09 19:00:00+00:00,1783623600,karachi,79.0,21.1,46.1,44.0,8.2,4.9,156.0,28.7,82.0,18.3,1002.3,19,3,9,7,0,-1.0
2026-07-09 20:00:00+00:00,1783627200,karachi,79.0,19.6,42.4,45.0,6.2,4.4,134.0,28.4,84.0,17.3,1002.1,20,3,9,7,0,0.0
2026-07-09 21:00:00+00:00,1783630800,karachi,79.0,18.3,39.1,45.0,4.7,4.0,118.0,28.3,83.0,16.9,1001.6,21,3,9,7,0,0.0
2026-07-09 22:00:00+00:00,1783634400,karachi,78.0,17.1,36.1,45.0,4.1,3.9,109.0,28.3,83.0,18.4,1001.6,22,3,9,7,0,-1.0
2026-07-09 23:00:00+00:00,1783638000,karachi,78.0,16.2,34.0,44.0,4.0,4.0,106.0,28.1,84.0,19.2,1001.4,23,3,9,7,0,0.0
2026-07-10 00:00:00+00:00,1783641600,karachi,78.0,15.7,31.9,45.0,4.2,3.9,117.0,28.5,83.0,19.1,1001.7,0,4,10,7,0,0.0
2026-07-10 01:00:00+00:00,1783645200,karachi,77.0,15.4,31.7,45.0,5.4,4.1,156.0,28.3,83.0,18.6,1001.9,1,4,10,7,0,-1.0
2026-07-10 02:00:00+00:00,1783648800,karachi,77.0,16.5,34.8,44.0,6.9,4.5,209.0,28.6,81.0,20.8,1002.3,2,4,10,7,0,0.0
2026-07-10 03:00:00+00:00,1783652400,karachi,77.0,21.0,45.6,46.0,7.6,4.7,241.0,29.4,76.0,21.8,1003.1,3,4,10,7,0,0.0
2026-07-10 04:00:00+00:00,1783656000,karachi,76.0,23.4,53.9,51.0,6.7,4.8,232.0,30.0,73.0,22.4,1003.3,4,4,10,7,0,-1.0
2026-07-10 05:00:00+00:00,1783659600,karachi,76.0,23.4,55.1,58.0,5.0,4.8,202.0,30.4,71.0,22.1,1003.5,5,4,10,7,0,0.0
2026-07-10 06:00:00+00:00,1783663200,karachi,76.0,24.0,57.4,64.0,3.7,4.7,179.0,30.9,68.0,22.2,1003.7,6,4,10,7,0,0.0
2026-07-10 07:00:00+00:00,1783666800,karachi,76.0,24.9,60.8,68.0,3.1,4.6,172.0,30.9,67.0,22.8,1003.5,7,4,10,7,0,0.0
2026-07-10 08:00:00+00:00,1783670400,karachi,76.0,25.1,60.5,70.0,2.8,4.5,171.0,31.0,69.0,23.5,1003.2,8,4,10,7,0,0.0
2026-07-10 09:00:00+00:00,1783674000,karachi,76.0,24.9,60.3,70.0,2.9,4.4,175.0,30.5,71.0,23.3,1002.6,9,4,10,7,0,0.0
2026-07-10 10:00:00+00:00,1783677600,karachi,75.0,25.1,60.1,67.0,3.5,4.3,187.0,31.0,68.0,23.7,1002.1,10,4,10,7,0,-1.0
2026-07-10 11:00:00+00:00,1783681200,karachi,75.0,25.1,59.0,63.0,4.4,4.3,204.0,30.2,74.0,23.7,1001.9,11,4,10,7,0,0.0
2026-07-10 12:00:00+00:00,1783684800,karachi,75.0,33.1,80.1,61.0,5.3,4.2,215.0,30.6,70.0,23.6,1001.6,12,4,10,7,0,0.0
2026-07-10 13:00:00+00:00,1783688400,karachi,76.0,32.9,76.8,58.0,6.2,4.3,213.0,29.9,74.0,24.0,1001.5,13,4,10,7,0,1.0
2026-07-10 14:00:00+00:00,1783692000,karachi,76.0,32.6,74.3,54.0,7.5,4.3,204.0,29.3,77.0,23.2,1001.8,14,4,10,7,0,0.0
2026-07-10 15:00:00+00:00,1783695600,karachi,76.0,31.2,68.9,51.0,8.4,4.4,195.0,29.0,80.0,21.5,1002.1,15,4,10,7,0,0.0
2026-07-10 16:00:00+00:00,1783699200,karachi,77.0,29.6,63.6,49.0,8.9,4.5,191.0,28.6,83.0,20.7,1002.5,16,4,10,7,0,1.0
2026-07-10 17:00:00+00:00,1783702800,karachi,77.0,23.6,52.3,47.0,9.0,4.6,187.0,28.4,84.0,20.1,1003.1,17,4,10,7,0,0.0
2026-07-10 18:00:00+00:00,1783706400,karachi,77.0,20.0,44.8,46.0,8.6,4.5,178.0,28.5,84.0,19.0,1002.5,18,4,10,7,0,0.0
2026-07-10 19:00:00+00:00,1783710000,karachi,77.0,18.2,41.2,47.0,7.3,4.2,158.0,28.3,85.0,18.3,1002.3,19,4,10,7,0,0.0
2026-07-10 20:00:00+00:00,1783713600,karachi,77.0,16.8,38.5,48.0,5.5,3.7,132.0,28.1,85.0,19.4,1001.6,20,4,10,7,0,0.0
2026-07-10 21:00:00+00:00,1783717200,karachi,77.0,15.7,35.6,49.0,4.1,3.4,113.0,28.1,86.0,21.7,1001.1,21,4,10,7,0,0.0
2026-07-10 22:00:00+00:00,1783720800,karachi,76.0,14.8,33.4,49.0,3.5,3.3,102.0,28.1,86.0,21.9,1000.9,22,4,10,7,0,-1.0
2026-07-10 23:00:00+00:00,1783724400,karachi,76.0,14.3,32.0,48.0,3.3,3.3,99.0,28.1,86.0,21.6,1000.8,23,4,10,7,0,0.0
2026-07-11 00:00:00+00:00,1783728000,karachi,76.0,14.4,30.4,50.0,3.4,3.3,109.0,27.9,87.0,23.1,1000.8,0,5,11,7,1,0.0
2026-07-11 01:00:00+00:00,1783731600,karachi,76.0,14.8,31.9,49.0,4.5,3.5,148.0,27.9,87.0,21.5,1001.0,1,5,11,7,1,0.0
2026-07-11 02:00:00+00:00,1783735200,karachi,76.0,16.5,37.0,47.0,6.1,3.7,202.0,28.3,84.0,22.4,1001.2,2,5,11,7,1,0.0
2026-07-11 03:00:00+00:00,1783738800,karachi,76.0,21.2,47.8,48.0,6.8,3.9,234.0,29.1,79.0,24.0,1001.5,3,5,11,7,1,0.0
2026-07-11 04:00:00+00:00,1783742400,karachi,76.0,24.3,54.9,53.0,6.0,4.0,224.0,30.1,73.0,23.9,1001.6,4,5,11,7,1,0.0
2026-07-11 05:00:00+00:00,1783746000,karachi,76.0,25.3,59.6,60.0,4.5,4.1,193.0,30.6,70.0,25.0,1001.6,5,5,11,7,1,0.0
2026-07-11 06:00:00+00:00,1783749600,karachi,76.0,26.0,63.6,66.0,3.3,4.2,169.0,30.7,70.0,24.9,1001.5,6,5,11,7,1,0.0
2026-07-11 07:00:00+00:00,1783753200,karachi,76.0,26.5,66.4,70.0,2.8,4.2,164.0,31.0,69.0,24.4,1000.9,7,5,11,7,1,0.0
2026-07-11 08:00:00+00:00,1783756800,karachi,76.0,26.7,68.0,72.0,2.7,4.1,166.0,31.1,68.0,23.2,1000.3,8,5,11,7,1,0.0
2026-07-11 09:00:00+00:00,1783760400,karachi,77.0,26.3,67.5,72.0,2.9,4.1,173.0,30.8,70.0,23.3,999.8,9,5,11,7,1,1.0
2026-07-11 10:00:00+00:00,1783764000,karachi,77.0,25.8,66.4,69.0,3.6,4.1,187.0,30.6,72.0,24.1,999.4,10,5,11,7,1,0.0
2026-07-11 11:00:00+00:00,1783767600,karachi,77.0,25.1,62.9,64.0,4.7,4.0,206.0,30.4,73.0,24.0,998.9,11,5,11,7,1,0.0
2026-07-11 12:00:00+00:00,1783771200,karachi,77.0,27.6,74.5,59.0,5.5,3.8,220.0,30.2,73.0,24.1,998.6,12,5,11,7,1,0.0
2026-07-11 13:00:00+00:00,1783774800,karachi,76.0,26.1,64.3,56.0,6.9,3.9,226.0,29.7,76.0,22.4,998.7,13,5,11,7,1,-1.0
2026-07-11 14:00:00+00:00,1783778400,karachi,76.0,25.7,58.8,52.0,8.8,4.1,228.0,28.9,82.0,19.5,998.5,14,5,11,7,1,0.0
2026-07-11 15:00:00+00:00,1783782000,karachi,75.0,19.7,43.5,49.0,10.1,4.3,228.0,28.5,85.0,17.2,998.8,15,5,11,7,1,-1.0
2026-07-11 16:00:00+00:00,1783785600,karachi,74.0,18.2,40.0,48.0,10.1,4.4,228.0,28.5,85.0,16.1,999.6,16,5,11,7,1,-1.0
2026-07-11 17:00:00+00:00,1783789200,karachi,73.0,17.9,41.1,48.0,9.5,4.5,225.0,28.4,85.0,14.2,1000.1,17,5,11,7,1,-1.0
2026-07-11 18:00:00+00:00,1783792800,karachi,73.0,17.2,38.4,49.0,8.6,4.4,214.0,28.8,83.0,15.9,999.5,18,5,11,7,1,0.0
2026-07-11 19:00:00+00:00,1783796400,karachi,73.0,17.5,39.6,50.0,7.3,4.1,186.0,28.5,85.0,16.7,999.0,19,5,11,7,1,0.0
2026-07-11 20:00:00+00:00,1783800000,karachi,73.0,17.6,41.8,51.0,5.7,3.6,149.0,28.4,85.0,17.4,998.4,20,5,11,7,1,0.0
2026-07-11 21:00:00+00:00,1783803600,karachi,73.0,17.3,41.9,52.0,4.5,3.3,122.0,28.3,85.0,17.2,997.7,21,5,11,7,1,0.0
2026-07-11 22:00:00+00:00,1783807200,karachi,73.0,17.1,41.7,52.0,3.9,3.2,109.0,28.1,86.0,16.4,997.2,22,5,11,7,1,0.0
2026-07-11 23:00:00+00:00,1783810800,karachi,73.0,17.2,42.7,51.0,3.7,3.2,106.0,28.1,85.0,16.3,996.6,23,5,11,7,1,0.0
2026-07-12 00:00:00+00:00,1783814400,karachi,73.0,18.3,45.6,52.0,3.8,3.2,114.0,28.4,85.0,18.8,995.9,0,6,12,7,1,0.0
2026-07-12 01:00:00+00:00,1783818000,karachi,74.0,18.6,47.3,51.0,4.8,3.6,143.0,28.4,85.0,18.3,996.2,1,6,12,7,1,1.0
2026-07-12 02:00:00+00:00,1783821600,karachi,74.0,19.0,48.3,50.0,6.1,4.1,183.0,28.9,83.0,15.9,996.4,2,6,12,7,1,0.0
2026-07-12 03:00:00+00:00,1783825200,karachi,74.0,23.1,61.5,51.0,6.6,4.5,206.0,29.9,78.0,19.0,996.5,3,6,12,7,1,0.0
2026-07-12 04:00:00+00:00,1783828800,karachi,74.0,26.0,72.4,57.0,5.6,4.6,196.0,30.8,74.0,19.7,996.6,4,6,12,7,1,0.0
2026-07-12 05:00:00+00:00,1783832400,karachi,74.0,26.9,76.1,65.0,3.8,4.5,170.0,31.6,71.0,19.7,996.2,5,6,12,7,1,0.0
2026-07-12 06:00:00+00:00,1783836000,karachi,74.0,26.9,75.2,71.0,2.5,4.4,151.0,31.5,71.0,22.6,996.4,6,6,12,7,1,0.0
2026-07-12 07:00:00+00:00,1783839600,karachi,75.0,26.8,74.3,75.0,2.1,4.4,147.0,32.2,67.0,20.3,996.0,7,6,12,7,1,1.0
2026-07-12 08:00:00+00:00,1783843200,karachi,75.0,27.2,74.3,77.0,2.2,4.3,150.0,32.8,66.0,20.1,995.6,8,6,12,7,1,0.0
2026-07-12 09:00:00+00:00,1783846800,karachi,75.0,27.9,74.7,77.0,2.5,4.3,156.0,32.8,66.0,20.4,995.1,9,6,12,7,1,0.0
2026-07-12 10:00:00+00:00,1783850400,karachi,75.0,29.0,76.8,76.0,3.0,4.2,167.0,32.6,65.0,21.1,994.6,10,6,12,7,1,0.0
2026-07-12 11:00:00+00:00,1783854000,karachi,75.0,29.4,76.1,73.0,3.8,4.2,182.0,32.2,67.0,19.7,994.2,11,6,12,7,1,0.0
2026-07-12 12:00:00+00:00,1783857600,karachi,75.0,30.6,82.4,69.0,4.9,4.3,194.0,31.3,71.0,17.8,994.7,12,6,12,7,1,0.0
2026-07-12 13:00:00+00:00,1783861200,karachi,76.0,31.5,86.6,64.0,6.9,4.5,202.0,30.4,74.0,16.6,995.0,13,6,12,7,1,1.0
2026-07-12 14:00:00+00:00,1783864800,karachi,76.0,33.5,93.6,56.0,9.6,4.8,207.0,29.7,77.0,13.8,995.6,14,6,12,7,1,0.0
2026-07-12 15:00:00+00:00,1783868400,karachi,77.0,32.2,87.8,51.0,11.2,5.0,208.0,29.4,79.0,13.4,996.3,15,6,12,7,1,1.0
2026-07-12 16:00:00+00:00,1783872000,karachi,78.0,31.0,91.7,49.0,10.8,4.9,203.0,29.1,80.0,15.7,997.0,16,6,12,7,1,1.0
2026-07-12 17:00:00+00:00,1783875600,karachi,79.0,29.6,89.9,49.0,9.3,4.6,194.0,29.0,80.0,15.1,997.4,17,6,12,7,1,1.0
2026-07-12 18:00:00+00:00,1783879200,karachi,80.0,26.3,79.4,50.0,7.7,4.3,181.0,29.4,78.0,15.8,997.7,18,6,12,7,1,1.0
2026-07-12 19:00:00+00:00,1783882800,karachi,80.0,21.4,63.8,51.0,6.3,3.9,160.0,29.1,80.0,14.9,997.6,19,6,12,7,1,0.0
2026-07-12 20:00:00+00:00,1783886400,karachi,81.0,16.7,47.6,52.0,4.8,3.4,135.0,29.0,80.0,14.2,997.7,20,6,12,7,1,1.0
2026-07-12 21:00:00+00:00,1783890000,karachi,80.0,14.0,38.0,52.0,3.7,3.1,116.0,28.9,79.0,16.3,997.0,21,6,12,7,1,-1.0
2026-07-12 22:00:00+00:00,1783893600,karachi,80.0,13.2,34.0,52.0,3.1,3.0,103.0,28.8,79.0,16.7,996.7,22,6,12,7,1,0.0
2026-07-12 23:00:00+00:00,1783897200,karachi,80.0,13.2,32.8,51.0,2.9,3.0,97.0,28.8,79.0,17.6,996.6,23,6,12,7,1,0.0
2026-07-13 00:00:00+00:00,1783900800,karachi,80.0,19.4,50.8,52.0,3.2,2.9,109.0,28.8,80.0,15.5,997.1,0,0,13,7,0,0.0
2026-07-13 01:00:00+00:00,1783904400,karachi,80.0,17.6,45.2,49.0,5.5,3.5,159.0,28.7,81.0,15.5,997.4,1,0,13,7,0,0.0
2026-07-13 02:00:00+00:00,1783908000,karachi,80.0,19.7,49.4,46.0,8.5,4.4,228.0,29.1,79.0,14.2,998.1,2,0,13,7,0,0.0
2026-07-13 03:00:00+00:00,1783911600,karachi,80.0,22.4,55.3,46.0,10.0,5.0,268.0,30.0,73.0,17.3,998.6,3,0,13,7,0,0.0
2026-07-13 04:00:00+00:00,1783915200,karachi,80.0,23.6,62.2,52.0,8.6,5.1,252.0,30.7,70.0,18.7,999.0,4,0,13,7,0,0.0
2026-07-13 05:00:00+00:00,1783918800,karachi,79.0,23.9,62.9,61.0,5.6,4.9,208.0,31.3,67.0,19.4,999.2,5,0,13,7,0,-1.0
2026-07-13 06:00:00+00:00,1783922400,karachi,79.0,24.0,64.3,68.0,3.4,4.7,174.0,31.9,66.0,19.5,999.9,6,0,13,7,0,0.0
2026-07-13 07:00:00+00:00,1783926000,karachi,79.0,23.4,59.6,70.0,2.7,4.6,164.0,31.9,66.0,20.4,1000.0,7,0,13,7,0,0.0
2026-07-13 08:00:00+00:00,1783929600,karachi,79.0,22.9,54.9,69.0,2.6,4.4,165.0,31.7,67.0,22.4,999.9,8,0,13,7,0,0.0
2026-07-13 09:00:00+00:00,1783933200,karachi,78.0,22.4,52.0,67.0,3.0,4.3,171.0,31.4,68.0,22.4,999.6,9,0,13,7,0,-1.0
2026-07-13 10:00:00+00:00,1783936800,karachi,78.0,21.8,49.5,63.0,3.8,4.2,186.0,31.1,69.0,22.7,999.3,10,0,13,7,0,0.0
2026-07-13 11:00:00+00:00,1783940400,karachi,77.0,21.0,45.4,58.0,4.9,4.1,207.0,30.6,71.0,22.1,998.9,11,0,13,7,0,-1.0
2026-07-13 12:00:00+00:00,1783944000,karachi,77.0,32.0,77.1,52.0,6.2,4.0,221.0,30.2,73.0,21.6,999.0,12,0,13,7,0,0.0
2026-07-13 13:00:00+00:00,1783947600,karachi,77.0,31.5,73.3,49.0,7.3,4.1,221.0,29.5,76.0,21.0,999.3,13,0,13,7,0,0.0
2026-07-13 14:00:00+00:00,1783951200,karachi,77.0,30.7,68.5,45.0,8.7,4.3,214.0,28.9,78.0,21.8,1000.0,14,0,13,7,0,0.0
2026-07-13 15:00:00+00:00,1783954800,karachi,77.0,28.7,60.1,42.0,9.6,4.4,205.0,28.4,81.0,21.1,1000.7,15,0,13,7,0,0.0
2026-07-13 16:00:00+00:00,1783958400,karachi,76.0,22.2,46.8,41.0,9.5,4.5,195.0,28.3,81.0,20.6,1001.4,16,0,13,7,0,-1.0
2026-07-13 17:00:00+00:00,1783962000,karachi,76.0,20.1,43.9,41.0,8.7,4.5,184.0,28.0,83.0,19.3,1002.0,17,0,13,7,0,0.0
2026-07-13 18:00:00+00:00,1783965600,karachi,75.0,19.8,45.2,41.0,7.9,4.5,170.0,28.3,84.0,16.8,1001.7,18,0,13,7,0,-1.0
2026-07-13 19:00:00+00:00,1783969200,karachi,74.0,19.4,44.2,41.0,7.0,4.3,151.0,28.0,86.0,15.6,1001.7,19,0,13,7,0,-1.0
2026-07-13 20:00:00+00:00,1783972800,karachi,74.0,19.2,46.2,42.0,5.9,4.1,130.0,27.9,87.0,16.9,1001.2,20,0,13,7,0,0.0
2026-07-13 21:00:00+00:00,1783976400,karachi,74.0,19.0,46.8,42.0,5.1,3.9,115.0,27.7,88.0,17.1,1000.8,21,0,13,7,0,0.0
2026-07-13 22:00:00+00:00,1783980000,karachi,75.0,18.2,44.1,42.0,4.6,3.8,106.0,27.7,87.0,18.1,1000.3,22,0,13,7,0,1.0
2026-07-13 23:00:00+00:00,1783983600,karachi,75.0,17.8,45.1,42.0,4.3,3.9,104.0,27.5,88.0,17.5,1000.3,23,0,13,7,0,0.0
2026-07-14 00:00:00+00:00,1783987200,karachi,76.0,17.9,44.8,43.0,4.7,4.0,118.0,27.8,88.0,16.7,1000.4,0,1,14,7,0,1.0
2026-07-14 01:00:00+00:00,1783990800,karachi,75.0,17.2,43.7,41.0,6.4,4.4,164.0,27.8,87.0,17.2,1000.7,1,1,14,7,0,-1.0
2026-07-14 02:00:00+00:00,1783994400,karachi,75.0,18.4,48.1,39.0,8.7,4.9,226.0,28.1,84.0,18.6,1001.1,2,1,14,7,0,0.0
2026-07-14 03:00:00+00:00,1783998000,karachi,75.0,20.7,54.7,40.0,9.8,5.3,264.0,28.7,81.0,19.7,1001.5,3,1,14,7,0,0.0
2026-07-14 04:00:00+00:00,1784001600,karachi,75.0,22.2,59.6,46.0,8.6,5.4,254.0,29.4,77.0,19.2,1001.8,4,1,14,7,0,0.0
2026-07-14 05:00:00+00:00,1784005200,karachi,75.0,23.2,65.0,56.0,6.3,5.4,221.0,29.6,77.0,19.9,1002.3,5,1,14,7,0,0.0
2026-07-14 06:00:00+00:00,1784008800,karachi,75.0,26.1,78.9,62.0,4.6,5.3,195.0,30.3,72.0,19.7,1002.4,6,1,14,7,0,0.0
2026-07-14 07:00:00+00:00,1784012400,karachi,75.0,30.6,98.7,63.0,4.2,5.2,187.0,30.7,71.0,19.6,1002.3,7,1,14,7,0,0.0
2026-07-14 08:00:00+00:00,1784016000,karachi,76.0,22.9,64.5,61.0,4.5,5.1,187.0,30.8,71.0,19.2,1002.1,8,1,14,7,0,1.0
2026-07-14 09:00:00+00:00,1784019600,karachi,76.0,22.2,61.9,59.0,5.0,5.0,194.0,30.5,73.0,19.4,1001.7,9,1,14,7,0,0.0
2026-07-14 10:00:00+00:00,1784023200,karachi,76.0,21.9,60.8,56.0,5.5,4.9,213.0,30.2,73.0,19.7,1001.4,10,1,14,7,0,0.0
2026-07-14 11:00:00+00:00,1784026800,karachi,76.0,21.5,57.4,53.0,6.3,4.8,238.0,29.7,74.0,20.4,1001.3,11,1,14,7,0,0.0
2026-07-14 12:00:00+00:00,1784030400,karachi,76.0,24.4,65.9,48.0,8.2,5.0,255.0,30.0,72.0,19.0,1001.0,12,1,14,7,0,0.0
2026-07-14 13:00:00+00:00,1784034000,karachi,75.0,25.8,68.2,44.0,10.4,5.3,256.0,29.1,77.0,17.0,1001.2,13,1,14,7,0,-1.0
2026-07-14 14:00:00+00:00,1784037600,karachi,75.0,23.8,55.8,39.0,13.3,5.8,247.0,28.7,79.0,16.4,1001.5,14,1,14,7,0,0.0
2026-07-14 15:00:00+00:00,1784041200,karachi,74.0,20.8,48.2,36.0,15.1,6.1,236.0,28.3,84.0,18.5,1001.6,15,1,14,7,0,-1.0
2026-07-14 16:00:00+00:00,1784044800,karachi,74.0,19.0,39.9,35.0,14.9,6.1,223.0,28.1,84.0,16.3,1002.5,16,1,14,7,0,0.0
2026-07-14 17:00:00+00:00,1784048400,karachi,73.0,18.6,41.1,36.0,13.5,6.0,208.0,28.2,81.0,15.3,1003.2,17,1,14,7,0,-1.0
2026-07-14 18:00:00+00:00,1784052000,karachi,73.0,18.7,43.0,37.0,11.9,5.8,190.0,28.4,80.0,14.8,1002.8,18,1,14,7,0,0.0
2026-07-14 19:00:00+00:00,1784055600,karachi,73.0,18.2,42.4,38.0,10.0,5.4,167.0,28.2,80.0,14.8,1002.9,19,1,14,7,0,0.0
2026-07-14 20:00:00+00:00,1784059200,karachi,73.0,17.4,41.3,40.0,7.8,4.9,142.0,27.9,81.0,15.0,1002.7,20,1,14,7,0,0.0
2026-07-14 21:00:00+00:00,1784062800,karachi,73.0,16.7,39.9,41.0,6.2,4.5,125.0,27.6,85.0,16.1,1002.1,21,1,14,7,0,0.0
2026-07-14 22:00:00+00:00,1784066400,karachi,73.0,16.2,38.2,41.0,5.4,4.4,116.0,27.6,86.0,15.7,1001.9,22,1,14,7,0,0.0
2026-07-14 23:00:00+00:00,1784070000,karachi,73.0,15.9,37.1,41.0,5.1,4.5,115.0,27.4,87.0,14.0,1001.6,23,1,14,7,0,0.0
2026-07-15 00:00:00+00:00,1784073600,karachi,72.0,15.2,32.6,40.0,5.9,4.8,129.0,28.0,84.0,13.0,1001.9,0,2,15,7,0,-1.0
2026-07-15 01:00:00+00:00,1784077200,karachi,72.0,15.7,34.0,39.0,7.6,5.3,176.0,28.0,81.0,13.2,1001.7,1,2,15,7,0,0.0
2026-07-15 02:00:00+00:00,1784080800,karachi,72.0,17.3,38.9,38.0,9.8,6.0,238.0,28.3,79.0,13.8,1002.3,2,2,15,7,0,0.0
2026-07-15 03:00:00+00:00,1784084400,karachi,72.0,18.2,43.9,39.0,10.8,6.5,276.0,29.0,74.0,15.9,1002.5,3,2,15,7,0,0.0
2026-07-15 04:00:00+00:00,1784088000,karachi,72.0,21.1,51.6,46.0,9.6,6.5,264.0,29.7,71.0,15.9,1002.9,4,2,15,7,0,0.0
2026-07-15 05:00:00+00:00,1784091600,karachi,72.0,21.8,54.0,55.0,7.2,6.2,227.0,30.4,68.0,15.7,1003.1,5,2,15,7,0,0.0
2026-07-15 06:00:00+00:00,1784095200,karachi,72.0,23.0,57.4,62.0,5.3,5.9,199.0,30.9,66.0,16.4,1003.3,6,2,15,7,0,0.0
2026-07-15 07:00:00+00:00,1784098800,karachi,71.0,28.9,79.6,65.0,4.5,5.8,192.0,30.7,68.0,16.5,1003.1,7,2,15,7,0,-1.0
2026-07-15 08:00:00+00:00,1784102400,karachi,71.0,23.9,58.4,66.0,4.3,5.7,195.0,30.9,68.0,17.1,1002.8,8,2,15,7,0,0.0
2026-07-15 09:00:00+00:00,1784106000,karachi,71.0,23.9,56.9,65.0,4.5,5.6,203.0,31.0,67.0,16.2,1002.3,9,2,15,7,0,0.0
2026-07-15 10:00:00+00:00,1784109600,karachi,71.0,24.2,57.3,61.0,5.3,5.5,221.0,30.7,67.0,15.9,1002.3,10,2,15,7,0,0.0
2026-07-15 11:00:00+00:00,1784113200,karachi,72.0,25.1,59.8,55.0,6.7,5.5,245.0,30.2,69.0,15.5,1002.0,11,2,15,7,0,1.0
2026-07-15 12:00:00+00:00,1784116800,karachi,72.0,32.6,83.8,54.0,7.0,5.5,261.0,30.5,68.0,15.5,1002.2,12,2,15,7,0,0.0
2026-07-15 13:00:00+00:00,1784120400,karachi,72.0,31.4,78.5,50.0,9.0,5.8,263.0,29.7,72.0,13.8,1002.2,13,2,15,7,0,0.0
2026-07-15 14:00:00+00:00,1784124000,karachi,73.0,31.3,77.3,43.0,11.7,6.3,257.0,29.1,76.0,13.7,1002.3,14,2,15,7,0,1.0
2026-07-15 15:00:00+00:00,1784127600,karachi,74.0,28.4,67.8,38.0,14.1,6.7,248.0,28.6,79.0,13.6,1002.7,15,2,15,7,0,1.0
2026-07-15 16:00:00+00:00,1784131200,karachi,74.0,27.1,62.2,35.0,16.1,7.2,239.0,28.2,82.0,12.5,1003.2,16,2,15,7,0,0.0
2026-07-15 17:00:00+00:00,1784134800,karachi,75.0,25.2,56.0,32.0,17.7,7.6,226.0,28.0,83.0,13.1,1003.7,17,2,15,7,0,1.0
2026-07-15 18:00:00+00:00,1784138400,karachi,75.0,24.0,51.3,31.0,18.1,7.8,210.0,28.1,83.0,11.2,1004.0,18,2,15,7,0,0.0
2026-07-15 19:00:00+00:00,1784142000,karachi,76.0,22.8,48.3,32.0,16.4,7.4,185.0,27.9,84.0,9.9,1003.9,19,2,15,7,0,1.0
2026-07-15 20:00:00+00:00,1784145600,karachi,76.0,21.5,45.9,34.0,13.6,6.6,156.0,27.7,85.0,9.2,1003.8,20,2,15,7,0,0.0
2026-07-15 21:00:00+00:00,1784149200,karachi,76.0,20.3,43.4,35.0,11.4,6.2,136.0,27.5,85.0,9.2,1003.4,21,2,15,7,0,0.0
2026-07-15 22:00:00+00:00,1784152800,karachi,77.0,19.4,41.7,34.0,10.8,6.3,125.0,27.2,87.0,9.5,1003.2,22,2,15,7,0,1.0
2026-07-15 23:00:00+00:00,1784156400,karachi,77.0,18.7,39.8,32.0,10.8,6.7,122.0,27.3,87.0,10.0,1002.9,23,2,15,7,0,0.0
2026-07-16 00:00:00+00:00,1784160000,karachi,77.0,17.9,35.6,34.0,9.7,6.7,139.0,27.5,89.0,9.6,1003.1,0,3,16,7,0,0.0
2026-07-16 01:00:00+00:00,1784163600,karachi,77.0,17.5,36.0,35.0,10.1,7.0,195.0,27.3,90.0,9.2,1003.6,1,3,16,7,0,0.0
2026-07-16 02:00:00+00:00,1784167200,karachi,77.0,18.6,42.4,37.0,10.7,7.4,270.0,27.3,90.0,11.3,1004.1,2,3,16,7,0,0.0
2026-07-16 03:00:00+00:00,1784170800,karachi,78.0,18.0,44.0,41.0,10.5,7.6,314.0,28.6,82.0,12.9,1004.4,3,3,16,7,0,1.0
2026-07-16 04:00:00+00:00,1784174400,karachi,78.0,18.3,47.4,48.0,9.0,7.3,296.0,29.6,75.0,13.2,1004.6,4,3,16,7,0,0.0
2026-07-16 05:00:00+00:00,1784178000,karachi,77.0,19.2,52.5,58.0,6.7,6.8,247.0,30.2,71.0,14.4,1004.7,5,3,16,7,0,-1.0
2026-07-16 06:00:00+00:00,1784181600,karachi,77.0,20.7,59.3,65.0,5.0,6.4,210.0,31.1,66.0,13.3,1004.8,6,3,16,7,0,0.0
2026-07-16 07:00:00+00:00,1784185200,karachi,77.0,21.6,61.7,69.0,4.3,6.3,200.0,31.2,66.0,12.9,1004.4,7,3,16,7,0,0.0
2026-07-16 08:00:00+00:00,1784188800,karachi,76.0,21.7,61.2,71.0,4.1,6.4,202.0,31.6,65.0,13.4,1003.8,8,3,16,7,0,-1.0
2026-07-16 09:00:00+00:00,1784192400,karachi,76.0,21.8,61.5,71.0,4.2,6.4,210.0,31.1,67.0,13.7,1003.5,9,3,16,7,0,0.0
2026-07-16 10:00:00+00:00,1784196000,karachi,76.0,21.8,60.8,68.0,4.6,6.3,227.0,31.0,68.0,14.0,1003.0,10,3,16,7,0,0.0
2026-07-16 11:00:00+00:00,1784199600,karachi,76.0,20.4,56.3,64.0,5.4,6.2,250.0,30.6,69.0,13.6,1002.9,11,3,16,7,0,0.0
2026-07-16 12:00:00+00:00,1784203200,karachi,75.0,28.3,85.9,56.0,7.1,6.4,264.0,30.2,70.0,12.9,1003.2,12,3,16,7,0,-1.0
2026-07-16 13:00:00+00:00,1784206800,karachi,75.0,25.8,74.5,51.0,9.0,6.5,262.0,29.6,72.0,11.2,1003.1,13,3,16,7,0,0.0
2026-07-16 14:00:00+00:00,1784210400,karachi,75.0,23.7,63.3,43.0,11.6,6.7,251.0,29.2,74.0,10.4,1003.3,14,3,16,7,0,0.0
2026-07-16 15:00:00+00:00,1784214000,karachi,74.0,22.5,57.5,37.0,13.9,7.0,239.0,28.7,77.0,11.2,1003.4,15,3,16,7,0,-1.0
2026-07-16 16:00:00+00:00,1784217600,karachi,74.0,22.0,55.2,33.0,15.7,7.5,228.0,28.5,79.0,12.0,1003.7,16,3,16,7,0,0.0
2026-07-16 17:00:00+00:00,1784221200,karachi,73.0,21.9,51.8,31.0,17.1,8.1,217.0,28.3,80.0,11.8,1004.2,17,3,16,7,0,-1.0
2026-07-16 18:00:00+00:00,1784224800,karachi,73.0,19.6,43.8,30.0,17.5,8.3,202.0,28.4,81.0,11.0,1004.2,18,3,16,7,0,0.0
2026-07-16 19:00:00+00:00,1784228400,karachi,73.0,18.5,40.3,31.0,16.1,7.8,182.0,28.0,82.0,11.5,1003.8,19,3,16,7,0,0.0
2026-07-16 20:00:00+00:00,1784232000,karachi,72.0,17.1,36.2,33.0,13.6,6.9,158.0,27.7,84.0,11.7,1003.6,20,3,16,7,0,-1.0
2026-07-16 21:00:00+00:00,1784235600,karachi,72.0,16.6,36.1,35.0,11.3,6.2,141.0,27.8,83.0,11.2,1003.2,21,3,16,7,0,0.0
2026-07-16 22:00:00+00:00,1784239200,karachi,72.0,15.6,32.9,36.0,9.6,5.9,128.0,27.4,85.0,12.1,1002.8,22,3,16,7,0,0.0
2026-07-16 23:00:00+00:00,1784242800,karachi,71.0,15.0,32.1,37.0,8.2,5.8,121.0,27.3,86.0,12.7,1002.6,23,3,16,7,0,-1.0
2026-07-17 00:00:00+00:00,1784246400,karachi,71.0,14.5,31.8,37.0,8.3,6.1,132.0,27.7,86.0,12.4,1002.7,0,4,17,7,0,0.0
2026-07-17 01:00:00+00:00,1784250000,karachi,71.0,14.8,32.7,38.0,8.9,6.4,181.0,27.5,87.0,11.4,1003.3,1,4,17,7,0,0.0
2026-07-17 02:00:00+00:00,1784253600,karachi,71.0,16.6,39.1,39.0,9.6,6.8,248.0,27.9,85.0,13.6,1003.7,2,4,17,7,0,0.0
2026-07-17 03:00:00+00:00,1784257200,karachi,70.0,16.7,40.4,42.0,9.7,7.0,287.0,28.7,79.0,14.6,1004.0,3,4,17,7,0,-1.0
2026-07-17 04:00:00+00:00,1784260800,karachi,70.0,19.5,46.9,47.0,8.7,6.7,270.0,29.7,73.0,14.2,1004.3,4,4,17,7,0,0.0
2026-07-17 05:00:00+00:00,1784264400,karachi,70.0,21.0,51.5,53.0,7.1,6.2,225.0,30.5,69.0,15.0,1004.3,5,4,17,7,0,0.0
2026-07-17 06:00:00+00:00,1784268000,karachi,71.0,21.4,53.2,59.0,5.7,5.8,192.0,31.2,64.0,15.1,1004.4,6,4,17,7,0,1.0
2026-07-17 07:00:00+00:00,1784271600,karachi,71.0,22.6,56.2,64.0,4.6,5.6,186.0,31.0,65.0,14.7,1004.3,7,4,17,7,0,0.0
2026-07-17 08:00:00+00:00,1784275200,karachi,71.0,22.5,53.7,69.0,3.7,5.4,191.0,31.0,66.0,15.1,1003.6,8,4,17,7,0,0.0
2026-07-17 09:00:00+00:00,1784278800,karachi,71.0,23.5,56.6,71.0,3.3,5.3,201.0,30.6,69.0,16.9,1003.0,9,4,17,7,0,0.0
2026-07-17 10:00:00+00:00,1784282400,karachi,71.0,23.0,53.3,67.0,3.7,5.2,217.0,30.4,72.0,18.8,1002.3,10,4,17,7,0,0.0
2026-07-17 11:00:00+00:00,1784286000,karachi,71.0,23.1,52.7,60.0,4.7,5.1,237.0,30.3,71.0,17.4,1002.3,11,4,17,7,0,0.0
2026-07-17 12:00:00+00:00,1784289600,karachi,71.0,23.9,57.9,53.0,6.2,5.0,249.0,30.3,68.0,16.8,1002.2,12,4,17,7,0,0.0
2026-07-17 13:00:00+00:00,1784293200,karachi,71.0,23.2,53.9,49.0,8.2,5.2,244.0,29.5,71.0,16.6,1002.1,13,4,17,7,0,0.0
2026-07-17 14:00:00+00:00,1784296800,karachi,71.0,22.8,51.5,44.0,10.8,5.6,231.0,28.9,74.0,16.5,1002.5,14,4,17,7,0,0.0
2026-07-17 15:00:00+00:00,1784300400,karachi,71.0,22.0,47.6,40.0,12.7,5.8,218.0,28.7,75.0,16.7,1003.0,15,4,17,7,0,0.0
2026-07-17 16:00:00+00:00,1784304000,karachi,71.0,19.1,41.1,39.0,13.1,5.9,209.0,28.5,77.0,16.8,1003.5,16,4,17,7,0,0.0
2026-07-17 17:00:00+00:00,1784307600,karachi,70.0,15.9,31.3,39.0,12.7,5.9,201.0,28.3,78.0,16.6,1004.1,17,4,17,7,0,-1.0
2026-07-17 18:00:00+00:00,1784311200,karachi,70.0,14.7,28.9,40.0,11.8,5.8,188.0,28.2,78.0,16.1,1003.9,18,4,17,7,0,0.0
2026-07-17 19:00:00+00:00,1784314800,karachi,69.0,13.6,26.9,41.0,10.3,5.4,166.0,28.1,79.0,15.5,1003.6,19,4,17,7,0,-1.0
2026-07-17 20:00:00+00:00,1784318400,karachi,69.0,12.5,24.7,43.0,8.3,4.9,140.0,27.8,81.0,14.9,1003.2,20,4,17,7,0,0.0
2026-07-17 21:00:00+00:00,1784322000,karachi,69.0,11.6,22.9,44.0,6.7,4.5,123.0,27.7,82.0,15.7,1002.5,21,4,17,7,0,0.0
2026-07-17 22:00:00+00:00,1784325600,karachi,68.0,11.1,22.2,45.0,5.8,4.4,116.0,27.5,83.0,16.3,1002.2,22,4,17,7,0,-1.0
2026-07-17 23:00:00+00:00,1784329200,karachi,68.0,10.9,21.7,45.0,5.3,4.5,118.0,27.5,83.0,14.8,1002.2,23,4,17,7,0,0.0
2026-07-18 00:00:00+00:00,1784332800,karachi,68.0,11.5,23.5,46.0,5.3,4.7,132.0,27.6,85.0,15.4,1002.4,0,5,18,7,1,0.0
2026-07-18 01:00:00+00:00,1784336400,karachi,67.0,11.9,24.6,46.0,6.0,4.8,172.0,27.6,83.0,15.0,1002.8,1,5,18,7,1,-1.0
2026-07-18 02:00:00+00:00,1784340000,karachi,67.0,13.3,28.9,46.0,7.0,4.9,225.0,27.9,80.0,16.9,1003.0,2,5,18,7,1,0.0
2026-07-18 03:00:00+00:00,1784343600,karachi,67.0,16.3,36.2,48.0,7.3,5.0,256.0,28.6,76.0,17.6,1003.2,3,5,18,7,1,0.0
2026-07-18 04:00:00+00:00,1784347200,karachi,67.0,18.1,41.4,54.0,6.3,4.9,242.0,29.6,70.0,17.4,1003.3,4,5,18,7,1,0.0
2026-07-18 05:00:00+00:00,1784350800,karachi,67.0,19.1,44.9,62.0,4.7,4.7,205.0,30.4,64.0,18.1,1003.2,5,5,18,7,1,0.0
2026-07-18 06:00:00+00:00,1784354400,karachi,67.0,19.4,47.1,68.0,3.5,4.5,178.0,30.6,65.0,20.5,1003.0,6,5,18,7,1,0.0
2026-07-18 07:00:00+00:00,1784358000,karachi,66.0,18.7,45.2,69.0,3.0,4.4,172.0,30.8,65.0,20.6,1002.6,7,5,18,7,1,-1.0
2026-07-18 08:00:00+00:00,1784361600,karachi,66.0,17.8,43.7,69.0,2.9,4.3,176.0,31.0,64.0,20.0,1002.1,8,5,18,7,1,0.0
2026-07-18 09:00:00+00:00,1784365200,karachi,66.0,17.4,41.3,66.0,3.2,4.3,183.0,31.1,63.0,20.0,1001.7,9,5,18,7,1,0.0
2026-07-18 10:00:00+00:00,1784368800,karachi,65.0,17.1,39.6,61.0,3.9,4.3,196.0,30.0,70.0,20.6,1001.4,10,5,18,7,1,-1.0
2026-07-18 11:00:00+00:00,1784372400,karachi,65.0,16.4,36.9,55.0,5.0,4.3,213.0,30.1,70.0,20.4,1001.2,11,5,18,7,1,0.0
2026-07-18 12:00:00+00:00,1784376000,karachi,64.0,19.6,45.9,49.0,6.7,4.1,224.0,29.8,70.0,19.8,1001.1,12,5,18,7,1,-1.0
2026-07-18 13:00:00+00:00,1784379600,karachi,64.0,19.7,44.1,46.0,8.7,4.4,224.0,29.2,72.0,18.9,1001.0,13,5,18,7,1,0.0
2026-07-18 14:00:00+00:00,1784383200,karachi,64.0,21.7,47.0,43.0,11.4,4.7,218.0,28.7,73.0,19.8,1001.1,14,5,18,7,1,0.0
2026-07-18 15:00:00+00:00,1784386800,karachi,64.0,20.5,40.3,40.0,13.1,5.0,211.0,28.6,75.0,18.2,1001.7,15,5,18,7,1,0.0
2026-07-18 16:00:00+00:00,1784390400,karachi,64.0,20.3,39.1,40.0,13.1,5.1,206.0,28.5,77.0,18.0,1002.6,16,5,18,7,1,0.0
2026-07-18 17:00:00+00:00,1784394000,karachi,64.0,17.7,33.1,41.0,12.1,5.1,200.0,28.4,79.0,16.1,1002.8,17,5,18,7,1,0.0
2026-07-18 18:00:00+00:00,1784397600,karachi,64.0,16.8,30.0,42.0,10.8,5.0,189.0,28.5,78.0,17.2,1002.6,18,5,18,7,1,0.0
2026-07-18 19:00:00+00:00,1784401200,karachi,64.0,16.5,29.0,43.0,9.4,4.7,167.0,28.2,80.0,16.5,1002.1,19,5,18,7,1,0.0
2026-07-18 20:00:00+00:00,1784404800,karachi,64.0,16.5,29.9,45.0,7.7,4.3,140.0,28.0,81.0,15.5,1001.6,20,5,18,7,1,0.0
2026-07-18 21:00:00+00:00,1784408400,karachi,64.0,16.2,30.5,46.0,6.3,4.0,121.0,27.7,82.0,14.5,1001.2,21,5,18,7,1,0.0
2026-07-18 22:00:00+00:00,1784412000,karachi,65.0,15.8,31.2,47.0,5.4,3.9,114.0,27.7,82.0,13.4,1000.9,22,5,18,7,1,1.0
2026-07-18 23:00:00+00:00,1784415600,karachi,65.0,15.3,31.2,47.0,4.8,3.9,116.0,27.6,82.0,14.1,1000.9,23,5,18,7,1,0.0
2026-07-19 00:00:00+00:00,1784419200,karachi,66.0,15.5,32.9,49.0,4.8,4.1,126.0,27.5,88.0,13.9,1001.0,0,6,19,7,1,1.0
2026-07-19 01:00:00+00:00,1784422800,karachi,66.0,15.7,33.8,49.0,5.3,4.4,152.0,27.6,88.0,13.5,1001.1,1,6,19,7,1,0.0
2026-07-19 02:00:00+00:00,1784426400,karachi,66.0,17.4,40.2,50.0,6.0,4.9,186.0,27.9,85.0,14.5,1001.4,2,6,19,7,1,0.0
2026-07-19 03:00:00+00:00,1784430000,karachi,66.0,18.7,43.5,52.0,6.2,5.2,207.0,28.7,80.0,15.2,1001.5,3,6,19,7,1,0.0
2026-07-19 04:00:00+00:00,1784433600,karachi,67.0,28.8,77.3,57.0,5.5,5.2,203.0,29.4,75.0,17.2,1001.7,4,6,19,7,1,1.0
2026-07-19 05:00:00+00:00,1784437200,karachi,68.0,21.4,53.4,64.0,4.4,5.0,186.0,28.9,77.0,16.7,1002.1,5,6,19,7,1,1.0
2026-07-19 06:00:00+00:00,1784440800,karachi,68.0,22.2,56.5,69.0,3.6,4.9,172.0,29.4,75.0,16.4,1001.9,6,6,19,7,1,0.0
2026-07-19 07:00:00+00:00,1784444400,karachi,68.0,21.9,56.1,70.0,3.3,4.9,166.0,29.8,73.0,15.7,1001.7,7,6,19,7,1,0.0
2026-07-19 08:00:00+00:00,1784448000,karachi,68.0,22.2,58.1,69.0,3.3,4.9,162.0,29.9,73.0,16.6,1001.1,8,6,19,7,1,0.0
2026-07-19 09:00:00+00:00,1784451600,karachi,68.0,21.9,57.3,67.0,3.5,4.9,163.0,29.9,74.0,17.3,1000.8,9,6,19,7,1,0.0
2026-07-19 10:00:00+00:00,1784455200,karachi,69.0,22.2,59.0,64.0,3.9,4.9,172.0,29.6,75.0,17.1,1000.5,10,6,19,7,1,1.0
2026-07-19 11:00:00+00:00,1784458800,karachi,69.0,22.0,57.4,61.0,4.5,4.9,185.0,29.5,77.0,16.5,1000.2,11,6,19,7,1,0.0
2026-07-19 12:00:00+00:00,1784462400,karachi,70.0,22.8,65.2,55.0,5.8,5.1,194.0,29.9,73.0,14.8,999.9,12,6,19,7,1,1.0
2026-07-19 13:00:00+00:00,1784466000,karachi,70.0,23.8,66.1,52.0,7.3,5.4,195.0,29.2,75.0,13.0,1000.0,13,6,19,7,1,0.0
2026-07-19 14:00:00+00:00,1784469600,karachi,70.0,22.7,59.8,47.0,9.4,5.9,192.0,28.8,76.0,14.0,1000.4,14,6,19,7,1,0.0
2026-07-19 15:00:00+00:00,1784473200,karachi,70.0,23.9,63.6,44.0,10.8,6.2,188.0,28.4,81.0,12.7,1001.0,15,6,19,7,1,0.0
2026-07-19 16:00:00+00:00,1784476800,karachi,71.0,19.2,44.5,42.0,11.2,6.3,184.0,28.2,83.0,11.3,1001.7,16,6,19,7,1,1.0
2026-07-19 17:00:00+00:00,1784480400,karachi,71.0,18.2,43.5,42.0,10.9,6.4,179.0,27.9,85.0,11.6,1002.3,17,6,19,7,1,0.0
2026-07-19 18:00:00+00:00,1784484000,karachi,71.0,17.8,43.2,42.0,10.3,6.2,172.0,28.2,83.0,12.2,1002.0,18,6,19,7,1,0.0
2026-07-19 19:00:00+00:00,1784487600,karachi,71.0,16.9,40.4,43.0,9.2,5.8,161.0,28.3,82.0,11.5,1001.6,19,6,19,7,1,0.0
2026-07-19 20:00:00+00:00,1784491200,karachi,71.0,16.4,39.3,45.0,7.7,5.1,149.0,27.9,84.0,10.1,1001.1,20,6,19,7,1,0.0
2026-07-19 21:00:00+00:00,1784494800,karachi,71.0,15.9,38.8,46.0,6.5,4.7,139.0,27.6,87.0,10.7,1000.5,21,6,19,7,1,0.0
2026-07-19 22:00:00+00:00,1784498400,karachi,71.0,15.3,36.7,47.0,5.7,4.5,127.0,27.4,88.0,10.6,1000.3,22,6,19,7,1,0.0
2026-07-19 23:00:00+00:00,1784502000,karachi,71.0,15.0,36.1,47.0,5.2,4.6,117.0,27.5,87.0,8.8,1000.4,23,6,19,7,1,0.0
2026-07-20 00:00:00+00:00,1784505600,karachi,71.0,16.0,39.0,47.0,5.8,4.9,128.0,27.7,89.0,8.9,1000.2,0,0,20,7,0,0.0
2026-07-20 01:00:00+00:00,1784509200,karachi,71.0,16.3,39.0,48.0,6.9,5.6,182.0,27.5,90.0,10.5,1000.3,1,0,20,7,0,0.0
2026-07-20 02:00:00+00:00,1784512800,karachi,71.0,18.2,46.3,50.0,8.3,6.5,256.0,28.0,87.0,11.6,1000.9,2,0,20,7,0,0.0
2026-07-20 03:00:00+00:00,1784516400,karachi,71.0,19.4,52.9,52.0,9.2,7.2,302.0,28.6,82.0,12.9,1001.1,3,0,20,7,0,0.0
2026-07-20 04:00:00+00:00,1784520000,karachi,71.0,21.1,56.9,56.0,9.0,7.3,291.0,28.9,80.0,13.9,1001.5,4,0,20,7,0,0.0
2026-07-20 05:00:00+00:00,1784523600,karachi,70.0,21.9,56.8,61.0,8.3,7.1,251.0,29.4,77.0,14.0,1001.5,5,0,20,7,0,-1.0
2026-07-20 06:00:00+00:00,1784527200,karachi,70.0,21.8,55.2,65.0,7.6,6.8,219.0,29.9,74.0,14.8,1001.4,6,0,20,7,0,0.0
2026-07-20 07:00:00+00:00,1784530800,karachi,70.0,21.3,52.6,66.0,6.9,6.4,207.0,30.5,71.0,14.4,1001.2,7,0,20,7,0,0.0
2026-07-20 08:00:00+00:00,1784534400,karachi,70.0,20.7,49.6,65.0,6.2,6.0,204.0,31.2,68.0,14.4,1000.6,8,0,20,7,0,0.0
2026-07-20 09:00:00+00:00,1784538000,karachi,70.0,22.6,54.5,64.0,5.9,5.7,207.0,31.1,68.0,14.8,1000.1,9,0,20,7,0,0.0
2026-07-20 10:00:00+00:00,1784541600,karachi,70.0,21.1,47.5,62.0,6.2,5.6,222.0,30.7,70.0,15.2,999.8,10,0,20,7,0,0.0
2026-07-20 11:00:00+00:00,1784545200,karachi,70.0,21.0,47.1,59.0,6.9,5.6,244.0,30.4,70.0,15.7,999.3,11,0,20,7,0,0.0
2026-07-20 12:00:00+00:00,1784548800,karachi,70.0,26.1,63.8,55.0,8.2,5.5,258.0,30.3,72.0,13.0,999.3,12,0,20,7,0,0.0
2026-07-20 13:00:00+00:00,1784552400,karachi,70.0,26.5,65.7,51.0,10.1,5.8,258.0,29.4,76.0,13.3,999.5,13,0,20,7,0,0.0
2026-07-20 14:00:00+00:00,1784556000,karachi,70.0,26.3,64.0,46.0,12.7,6.2,251.0,29.0,78.0,12.9,999.9,14,0,20,7,0,0.0
2026-07-20 15:00:00+00:00,1784559600,karachi,71.0,27.7,67.5,42.0,14.6,6.5,240.0,28.5,81.0,13.6,1000.5,15,0,20,7,0,1.0
2026-07-20 16:00:00+00:00,1784563200,karachi,71.0,24.3,54.8,40.0,15.3,6.8,227.0,28.3,83.0,14.2,1001.1,16,0,20,7,0,0.0
2026-07-20 17:00:00+00:00,1784566800,karachi,71.0,23.2,49.7,40.0,15.3,7.1,212.0,28.2,84.0,13.8,1001.7,17,0,20,7,0,0.0
2026-07-20 18:00:00+00:00,1784570400,karachi,72.0,22.7,47.6,40.0,14.5,7.1,195.0,28.3,82.0,12.1,1001.9,18,0,20,7,0,1.0
2026-07-20 19:00:00+00:00,1784574000,karachi,72.0,21.0,42.8,42.0,12.4,6.6,175.0,28.2,83.0,12.0,1001.4,19,0,20,7,0,0.0
2026-07-20 20:00:00+00:00,1784577600,karachi,72.0,20.1,41.9,44.0,9.5,5.8,153.0,28.1,84.0,12.1,1001.1,20,0,20,7,0,0.0
2026-07-20 21:00:00+00:00,1784581200,karachi,73.0,19.3,40.6,46.0,7.3,5.2,138.0,27.9,85.0,9.8,1000.4,21,0,20,7,0,1.0
2026-07-20 22:00:00+00:00,1784584800,karachi,73.0,18.6,39.6,47.0,6.2,5.1,125.0,27.8,87.0,9.2,1000.1,22,0,20,7,0,0.0
2026-07-20 23:00:00+00:00,1784588400,karachi,73.0,18.3,40.0,47.0,5.9,5.2,119.0,27.6,88.0,10.6,999.8,23,0,20,7,0,0.0
2026-07-21 00:00:00+00:00,1784592000,karachi,74.0,18.4,42.8,46.0,7.0,6.2,138.0,28.0,86.0,9.8,999.6,0,1,21,7,0,1.0
2026-07-21 01:00:00+00:00,1784595600,karachi,74.0,18.0,40.3,44.0,9.8,7.2,210.0,27.8,87.0,9.4,999.9,1,1,21,7,0,0.0
2026-07-21 02:00:00+00:00,1784599200,karachi,74.0,19.3,45.8,41.0,13.6,8.5,308.0,28.1,86.0,7.9,1000.5,2,1,21,7,0,0.0
2026-07-21 03:00:00+00:00,1784602800,karachi,74.0,20.8,50.6,40.0,15.7,9.2,368.0,28.7,81.0,9.4,1000.6,3,1,21,7,0,0.0
2026-07-21 04:00:00+00:00,1784606400,karachi,74.0,21.4,52.2,44.0,14.6,8.9,352.0,29.1,79.0,10.7,1000.8,4,1,21,7,0,0.0
2026-07-21 05:00:00+00:00,1784610000,karachi,74.0,21.9,51.7,50.0,11.9,8.1,299.0,29.2,79.0,10.6,1001.0,5,1,21,7,0,0.0
2026-07-21 06:00:00+00:00,1784613600,karachi,74.0,22.1,52.3,55.0,9.4,7.3,258.0,30.3,72.0,11.0,1001.3,6,1,21,7,0,0.0
2026-07-21 07:00:00+00:00,1784617200,karachi,74.0,22.8,53.2,59.0,7.7,6.8,249.0,30.1,72.0,11.1,1001.2,7,1,21,7,0,0.0
2026-07-21 08:00:00+00:00,1784620800,karachi,74.0,21.2,48.3,62.0,6.2,6.3,252.0,30.1,73.0,9.8,1000.7,8,1,21,7,0,0.0
2026-07-21 09:00:00+00:00,1784624400,karachi,74.0,27.3,68.5,63.0,5.5,6.0,258.0,30.4,73.0,11.5,999.9,9,1,21,7,0,0.0
2026-07-21 10:00:00+00:00,1784628000,karachi,75.0,22.0,52.3,61.0,5.9,5.8,268.0,30.3,74.0,13.3,999.3,10,1,21,7,0,1.0
2026-07-21 11:00:00+00:00,1784631600,karachi,75.0,23.5,57.2,57.0,7.0,5.8,281.0,29.7,78.0,13.6,998.9,11,1,21,7,0,0.0
2026-07-21 12:00:00+00:00,1784635200,karachi,75.0,25.1,63.6,52.0,9.0,6.2,289.0,30.1,75.0,13.0,999.0,12,1,21,7,0,0.0
2026-07-21 13:00:00+00:00,1784638800,karachi,75.0,25.3,62.4,47.0,11.4,6.5,289.0,29.5,77.0,13.5,999.3,13,1,21,7,0,0.0
2026-07-21 14:00:00+00:00,1784642400,karachi,75.0,21.2,49.1,40.0,14.7,6.9,284.0,28.7,83.0,13.8,999.5,14,1,21,7,0,0.0
2026-07-21 15:00:00+00:00,1784646000,karachi,74.0,21.0,47.3,35.0,17.0,7.3,279.0,28.5,84.0,11.8,1000.1,15,1,21,7,0,-1.0
2026-07-21 16:00:00+00:00,1784649600,karachi,74.0,20.6,45.4,33.0,17.6,7.7,277.0,28.4,84.0,12.4,1000.6,16,1,21,7,0,0.0
2026-07-21 17:00:00+00:00,1784653200,karachi,74.0,18.2,38.0,33.0,17.2,8.0,274.0,28.1,85.0,10.6,1001.0,17,1,21,7,0,0.0
2026-07-21 18:00:00+00:00,1784656800,karachi,73.0,17.4,34.1,34.0,16.3,8.1,261.0,28.6,83.0,9.9,1001.2,18,1,21,7,0,-1.0
2026-07-21 19:00:00+00:00,1784660400,karachi,73.0,17.3,32.7,35.0,14.8,7.6,227.0,28.5,82.0,10.6,1000.7,19,1,21,7,0,0.0
2026-07-21 20:00:00+00:00,1784664000,karachi,72.0,17.9,36.7,37.0,12.9,6.9,182.0,28.1,84.0,10.6,1000.5,20,1,21,7,0,-1.0
2026-07-21 21:00:00+00:00,1784667600,karachi,72.0,17.8,37.1,38.0,11.2,6.4,149.0,28.0,85.0,9.8,999.8,21,1,21,7,0,0.0
2026-07-21 22:00:00+00:00,1784671200,karachi,72.0,17.5,38.8,39.0,9.9,6.3,129.0,27.8,86.0,8.8,999.5,22,1,21,7,0,0.0
2026-07-21 23:00:00+00:00,1784674800,karachi,72.0,18.0,41.4,40.0,8.8,6.4,122.0,27.6,87.0,8.5,999.3,23,1,21,7,0,0.0
2026-07-22 00:00:00+00:00,1784678400,karachi,72.0,16.8,37.4,43.0,8.5,6.9,147.0,28.1,86.0,4.4,999.2,0,2,22,7,0,0.0
2026-07-22 01:00:00+00:00,1784682000,karachi,72.0,17.0,37.6,43.0,9.7,7.8,239.0,28.0,87.0,4.1,999.5,1,2,22,7,0,0.0
2026-07-22 02:00:00+00:00,1784685600,karachi,72.0,19.1,45.8,43.0,11.4,8.9,364.0,28.4,85.0,4.8,1000.1,2,2,22,7,0,0.0
2026-07-22 03:00:00+00:00,1784689200,karachi,72.0,20.9,54.5,46.0,12.2,9.7,437.0,29.2,80.0,4.9,1000.2,3,2,22,7,0,0.0
2026-07-22 04:00:00+00:00,1784692800,karachi,72.0,24.6,68.7,53.0,11.4,9.6,406.0,30.3,74.0,8.0,1000.3,4,2,22,7,0,0.0
2026-07-22 05:00:00+00:00,1784696400,karachi,72.0,27.5,77.5,62.0,9.7,9.2,322.0,31.2,70.0,9.8,1000.3,5,2,22,7,0,0.0
2026-07-22 06:00:00+00:00,1784700000,karachi,72.0,29.6,82.2,69.0,8.3,8.7,256.0,31.4,69.0,11.5,1000.1,6,2,22,7,0,0.0
2026-07-22 07:00:00+00:00,1784703600,karachi,73.0,39.2,112.2,72.0,7.5,8.4,234.0,31.2,70.0,11.8,999.9,7,2,22,7,0,1.0
2026-07-22 08:00:00+00:00,1784707200,karachi,74.0,30.0,79.2,72.0,7.0,8.1,230.0,31.3,70.0,12.1,999.2,8,2,22,7,0,1.0
2026-07-22 09:00:00+00:00,1784710800,karachi,75.0,28.7,74.0,70.0,6.9,7.9,234.0,31.1,72.0,13.4,998.7,9,2,22,7,0,1.0
2026-07-22 10:00:00+00:00,1784714400,karachi,75.0,27.6,70.3,67.0,7.3,7.7,248.0,30.5,75.0,12.9,998.2,10,2,22,7,0,0.0
2026-07-22 11:00:00+00:00,1784718000,karachi,76.0,26.5,66.6,62.0,8.1,7.6,271.0,30.5,74.0,12.1,997.7,11,2,22,7,0,1.0
2026-07-22 12:00:00+00:00,1784721600,karachi,76.0,24.7,61.9,56.0,12.2,9.0,290.0,31.1,72.0,11.6,997.4,12,2,22,7,0,0.0
2026-07-22 13:00:00+00:00,1784725200,karachi,76.0,24.6,60.5,49.0,15.0,9.0,302.0,30.2,77.0,11.6,998.3,13,2,22,7,0,0.0
2026-07-22 14:00:00+00:00,1784728800,karachi,76.0,25.1,60.3,40.0,18.8,9.0,310.0,29.2,82.0,12.2,998.6,14,2,22,7,0,0.0
2026-07-22 15:00:00+00:00,1784732400,karachi,76.0,23.1,54.2,34.0,20.9,8.9,305.0,28.5,84.0,11.4,998.9,15,2,22,7,0,0.0
2026-07-22 16:00:00+00:00,1784736000,karachi,76.0,21.5,50.3,34.0,19.7,8.6,280.0,28.9,81.0,14.2,999.3,16,2,22,7,0,0.0
2026-07-22 17:00:00+00:00,1784739600,karachi,76.0,20.4,47.3,36.0,16.7,8.1,243.0,28.8,81.0,12.2,1000.0,17,2,22,7,0,0.0
2026-07-22 18:00:00+00:00,1784743200,karachi,76.0,18.9,43.3,39.0,13.8,7.6,207.0,29.0,79.0,11.8,1000.1,18,2,22,7,0,0.0
2026-07-22 19:00:00+00:00,1784746800,karachi,77.0,18.6,44.0,41.0,11.4,6.9,175.0,28.7,80.0,12.2,999.7,19,2,22,7,0,1.0
2026-07-22 20:00:00+00:00,1784750400,karachi,77.0,18.3,44.7,44.0,9.0,6.2,144.0,28.6,81.0,11.3,999.4,20,2,22,7,0,0.0
2026-07-22 21:00:00+00:00,1784754000,karachi,77.0,19.2,52.9,46.0,7.4,5.8,127.0,28.3,83.0,10.1,998.7,21,2,22,7,0,0.0
2026-07-22 22:00:00+00:00,1784757600,karachi,77.0,20.0,58.4,46.0,6.7,5.8,115.0,28.1,84.0,8.6,998.5,22,2,22,7,0,0.0
2026-07-22 23:00:00+00:00,1784761200,karachi,77.0,21.2,66.6,46.0,6.7,6.0,115.0,28.1,84.0,5.6,998.3,23,2,22,7,0,0.0
2026-07-23 00:00:00+00:00,1784764800,karachi,77.0,22.2,67.1,46.0,6.9,7.0,162.0,28.5,82.0,2.8,998.6,0,3,23,7,0,0.0
2026-07-23 01:00:00+00:00,1784768400,karachi,78.0,24.3,68.5,43.0,9.3,9.0,306.0,28.2,84.0,2.8,998.6,1,3,23,7,0,1.0
2026-07-23 02:00:00+00:00,1784772000,karachi,78.0,24.6,68.9,40.0,12.5,11.8,496.0,28.7,81.0,2.6,999.3,2,3,23,7,0,0.0
2026-07-23 03:00:00+00:00,1784775600,karachi,79.0,25.4,71.9,43.0,14.2,13.8,612.0,29.5,77.0,5.7,998.8,3,3,23,7,0,1.0
2026-07-23 04:00:00+00:00,1784779200,karachi,79.0,26.2,77.8,55.0,13.1,14.4,585.0,30.4,73.0,4.7,999.4,4,3,23,7,0,0.0
2026-07-23 05:00:00+00:00,1784782800,karachi,79.0,27.0,80.1,73.0,10.4,14.1,485.0,30.7,72.0,7.7,999.3,5,3,23,7,0,0.0
2026-07-23 06:00:00+00:00,1784786400,karachi,79.0,29.7,82.7,91.0,8.1,13.7,399.0,31.9,65.0,5.3,999.2,6,3,23,7,0,0.0
2026-07-23 07:00:00+00:00,1784790000,karachi,79.0,32.8,84.8,110.0,6.6,13.2,361.0,32.8,61.0,8.6,998.7,7,3,23,7,0,0.0
2026-07-23 08:00:00+00:00,1784793600,karachi,79.0,34.2,84.3,127.0,5.3,12.4,337.0,32.0,64.0,15.5,998.3,8,3,23,7,0,0.0
2026-07-23 09:00:00+00:00,1784797200,karachi,79.0,33.5,80.3,134.0,4.9,11.5,321.0,32.1,63.0,14.8,997.5,9,3,23,7,0,0.0
2026-07-23 10:00:00+00:00,1784800800,karachi,79.0,31.0,75.7,121.0,5.4,10.4,314.0,32.1,66.0,13.2,997.0,10,3,23,7,0,0.0
2026-07-23 11:00:00+00:00,1784804400,karachi,80.0,28.1,71.9,96.0,6.6,9.1,315.0,31.9,66.0,11.4,996.6,11,3,23,7,0,1.0
2026-07-23 12:00:00+00:00,1784808000,karachi,80.0,38.2,99.9,93.0,9.5,10.6,310.0,31.2,71.0,12.1,996.4,12,3,23,7,0,0.0
2026-07-23 13:00:00+00:00,1784811600,karachi,81.0,35.3,95.7,74.0,13.2,9.9,293.0,30.5,75.0,12.1,996.6,13,3,23,7,0,1.0
2026-07-23 14:00:00+00:00,1784815200,karachi,82.0,32.0,87.1,48.0,18.2,9.0,272.0,29.7,78.0,8.0,997.5,14,3,23,7,0,1.0
2026-07-23 15:00:00+00:00,1784818800,karachi,82.0,31.0,85.0,30.0,21.2,8.2,250.0,29.3,82.0,12.0,997.2,15,3,23,7,0,0.0
2026-07-23 16:00:00+00:00,1784822400,karachi,83.0,28.6,78.2,28.0,20.1,7.8,230.0,29.3,82.0,11.6,998.0,16,3,23,7,0,1.0
2026-07-23 17:00:00+00:00,1784826000,karachi,83.0,25.9,70.3,33.0,16.9,7.5,211.0,29.1,83.0,11.6,998.9,17,3,23,7,0,0.0
2026-07-23 18:00:00+00:00,1784829600,karachi,84.0,24.6,69.2,38.0,14.4,7.4,194.0,29.4,82.0,10.5,999.9,18,3,23,7,0,1.0
2026-07-23 19:00:00+00:00,1784833200,karachi,84.0,23.9,67.3,39.0,13.6,7.5,178.0,29.0,84.0,9.9,999.4,19,3,23,7,0,0.0
2026-07-23 20:00:00+00:00,1784836800,karachi,85.0,23.9,66.8,38.0,13.4,7.8,164.0,28.8,84.0,8.5,999.2,20,3,23,7,0,1.0
2026-07-23 21:00:00+00:00,1784840400,karachi,85.0,23.3,64.3,38.0,13.3,8.2,157.0,28.6,85.0,7.5,998.5,21,3,23,7,0,0.0
2026-07-23 22:00:00+00:00,1784844000,karachi,85.0,22.6,61.5,37.0,13.1,8.6,157.0,28.6,84.0,6.4,998.4,22,3,23,7,0,0.0
2026-07-23 23:00:00+00:00,1784847600,karachi,86.0,22.1,58.2,36.0,13.1,9.0,164.0,28.4,85.0,4.3,998.3,23,3,23,7,0,1.0
2026-07-24 00:00:00+00:00,1784851200,karachi,86.0,24.5,70.3,38.0,12.5,10.9,189.0,28.8,85.0,5.6,998.1,0,4,24,7,0,0.0
2026-07-24 01:00:00+00:00,1784854800,karachi,86.0,24.5,66.6,38.0,13.0,11.4,252.0,28.6,86.0,5.4,998.6,1,4,24,7,0,0.0
2026-07-24 02:00:00+00:00,1784858400,karachi,86.0,26.0,74.0,39.0,13.5,12.0,332.0,28.9,85.0,5.6,999.3,2,4,24,7,0,0.0
2026-07-24 03:00:00+00:00,1784862000,karachi,86.0,27.4,79.6,44.0,13.2,12.3,383.0,29.9,79.0,5.2,999.3,3,4,24,7,0,0.0
2026-07-24 04:00:00+00:00,1784865600,karachi,86.0,31.1,94.5,57.0,11.4,11.9,378.0,30.9,74.0,5.6,999.8,4,4,24,7,0,0.0
2026-07-24 05:00:00+00:00,1784869200,karachi,87.0,29.9,88.7,74.0,8.8,11.1,344.0,31.9,69.0,8.1,1000.1,5,4,24,7,0,1.0
2026-07-24 06:00:00+00:00,1784872800,karachi,87.0,32.0,89.9,88.0,6.6,10.2,311.0,33.1,63.0,8.9,1000.2,6,4,24,7,0,0.0
2026-07-24 07:00:00+00:00,1784876400,karachi,87.0,32.9,87.5,97.0,5.2,9.1,286.0,32.6,66.0,13.9,999.8,7,4,24,7,0,0.0
2026-07-24 08:00:00+00:00,1784880000,karachi,87.0,32.2,83.1,103.0,4.3,7.8,262.0,32.4,65.0,15.1,999.3,8,4,24,7,0,0.0
2026-07-24 09:00:00+00:00,1784883600,karachi,87.0,30.3,77.1,103.0,4.2,6.9,250.0,32.5,64.0,13.0,998.6,9,4,24,7,0,0.0
2026-07-24 10:00:00+00:00,1784887200,karachi,87.0,29.0,75.4,94.0,5.1,6.5,261.0,32.0,67.0,13.0,998.0,10,4,24,7,0,0.0
2026-07-24 11:00:00+00:00,1784890800,karachi,86.0,27.9,72.9,79.0,6.8,6.5,285.0,31.4,69.0,12.5,997.9,11,4,24,7,0,-1.0
2026-07-24 12:00:00+00:00,1784894400,karachi,86.0,30.9,75.9,77.0,10.8,7.2,299.0,31.0,72.0,12.5,997.5,12,4,24,7,0,0.0
2026-07-24 13:00:00+00:00,1784898000,karachi,86.0,29.5,77.3,66.0,13.2,7.1,295.0,30.3,75.0,12.1,997.2,13,4,24,7,0,0.0
2026-07-24 14:00:00+00:00,1784901600,karachi,85.0,29.6,78.0,50.0,16.5,6.9,281.0,29.8,78.0,12.1,997.7,14,4,24,7,0,-1.0
2026-07-24 15:00:00+00:00,1784905200,karachi,85.0,29.6,76.1,40.0,18.2,6.7,264.0,29.8,79.0,11.3,998.4,15,4,24,7,0,0.0
2026-07-24 16:00:00+00:00,1784908800,karachi,85.0,26.5,68.9,39.0,17.0,6.6,244.0,29.7,80.0,9.2,999.4,16,4,24,7,0,0.0
2026-07-24 17:00:00+00:00,1784912400,karachi,85.0,25.4,67.1,43.0,14.3,6.4,219.0,29.5,82.0,9.3,1000.2,17,4,24,7,0,0.0
2026-07-24 18:00:00+00:00,1784916000,karachi,85.0,24.4,63.6,47.0,11.8,6.3,195.0,29.1,79.0,8.3,999.7,18,4,24,7,0,0.0
2026-07-24 19:00:00+00:00,1784919600,karachi,85.0,26.6,69.4,49.0,10.1,6.1,169.0,28.9,80.0,10.0,999.4,19,4,24,7,0,0.0
2026-07-24 20:00:00+00:00,1784923200,karachi,85.0,26.1,70.8,50.0,8.8,5.8,144.0,28.6,82.0,11.0,999.5,20,4,24,7,0,0.0
2026-07-24 21:00:00+00:00,1784926800,karachi,85.0,24.4,63.6,50.0,7.8,5.7,126.0,28.5,82.0,10.6,999.2,21,4,24,7,0,0.0
2026-07-24 22:00:00+00:00,1784930400,karachi,85.0,22.6,57.0,49.0,7.3,5.9,114.0,28.4,82.0,7.0,999.5,22,4,24,7,0,0.0
2026-07-24 23:00:00+00:00,1784934000,karachi,85.0,21.7,53.6,48.0,7.2,6.3,110.0,28.4,83.0,7.1,999.2,23,4,24,7,0,0.0
2026-07-25 00:00:00+00:00,1784937600,karachi,85.0,27.0,76.8,48.0,8.0,7.0,126.0,28.4,83.0,8.8,999.3,0,5,25,7,1,0.0
2026-07-25 01:00:00+00:00,1784941200,karachi,85.0,25.8,66.8,47.0,9.4,7.3,183.0,28.2,84.0,9.0,999.6,1,5,25,7,1,0.0
2026-07-25 02:00:00+00:00,1784944800,karachi,86.0,27.4,75.2,45.0,11.4,7.8,260.0,28.4,84.0,9.3,1000.2,2,5,25,7,1,1.0
2026-07-25 03:00:00+00:00,1784948400,karachi,86.0,29.4,80.6,46.0,12.5,8.2,309.0,29.2,79.0,10.3,1000.9,3,5,25,7,1,0.0
2026-07-25 04:00:00+00:00,1784952000,karachi,86.0,30.0,81.7,51.0,12.0,8.5,301.0,30.1,74.0,10.4,1001.4,4,5,25,7,1,0.0
2026-07-25 05:00:00+00:00,1784955600,karachi,86.0,31.0,85.9,57.0,10.7,8.7,265.0,30.4,73.0,10.3,1001.9,5,5,25,7,1,0.0
2026-07-25 06:00:00+00:00,1784959200,karachi,86.0,31.3,86.4,63.0,9.6,8.8,238.0,30.7,70.0,11.8,1002.0,6,5,25,7,1,0.0
2026-07-25 07:00:00+00:00,1784962800,karachi,86.0,30.6,82.4,67.0,8.9,8.8,236.0,31.0,69.0,10.6,1001.7,7,5,25,7,1,0.0
2026-07-25 08:00:00+00:00,1784966400,karachi,86.0,29.2,76.8,70.0,8.5,8.8,243.0,31.6,66.0,9.7,1001.4,8,5,25,7,1,0.0
2026-07-25 09:00:00+00:00,1784970000,karachi,85.0,27.5,70.5,70.0,8.5,8.6,251.0,31.5,66.0,10.1,1000.8,9,5,25,7,1,-1.0
2026-07-25 10:00:00+00:00,1784973600,karachi,85.0,24.9,62.2,65.0,9.2,8.1,261.0,31.3,67.0,12.5,1000.4,10,5,25,7,1,0.0
2026-07-25 11:00:00+00:00,1784977200,karachi,85.0,25.9,66.6,58.0,10.4,7.5,272.0,31.0,69.0,14.4,1000.0,11,5,25,7,1,0.0
2026-07-25 12:00:00+00:00,1784980800,karachi,85.0,28.7,82.9,52.0,10.8,6.7,276.0,30.5,71.0,11.9,999.6,12,5,25,7,1,0.0
2026-07-25 13:00:00+00:00,1784984400,karachi,85.0,26.3,75.4,47.0,12.8,6.9,270.0,29.6,75.0,10.5,999.9,13,5,25,7,1,0.0
2026-07-25 14:00:00+00:00,1784988000,karachi,84.0,24.8,69.2,41.0,15.5,7.2,257.0,29.2,78.0,10.8,1000.6,14,5,25,7,1,-1.0
2026-07-25 15:00:00+00:00,1784991600,karachi,84.0,23.6,63.8,37.0,16.8,7.3,241.0,28.9,80.0,12.3,1000.7,15,5,25,7,1,0.0
2026-07-25 16:00:00+00:00,1784995200,karachi,83.0,21.2,58.8,38.0,15.5,7.0,220.0,28.9,80.0,12.0,1001.6,16,5,25,7,1,-1.0
2026-07-25 17:00:00+00:00,1784998800,karachi,83.0,20.2,57.0,41.0,12.8,6.6,196.0,28.9,80.0,14.5,1001.9,17,5,25,7,1,0.0
2026-07-25 18:00:00+00:00,1785002400,karachi,83.0,21.1,62.4,44.0,10.6,6.3,175.0,28.4,79.0,9.2,1002.1,18,5,25,7,1,0.0
2026-07-25 19:00:00+00:00,1785006000,karachi,82.0,22.3,67.5,45.0,9.4,6.3,158.0,28.2,80.0,9.0,1001.5,19,5,25,7,1,-1.0
2026-07-25 20:00:00+00:00,1785009600,karachi,82.0,24.1,74.7,46.0,8.7,6.3,143.0,28.2,79.0,6.4,1001.2,20,5,25,7,1,0.0
2026-07-25 21:00:00+00:00,1785013200,karachi,82.0,23.2,70.3,46.0,8.1,6.4,133.0,28.1,80.0,6.7,1000.9,21,5,25,7,1,0.0
2026-07-25 22:00:00+00:00,1785016800,karachi,82.0,22.5,66.4,46.0,7.6,6.4,125.0,28.1,80.0,5.8,1001.1,22,5,25,7,1,0.0
2026-07-25 23:00:00+00:00,1785020400,karachi,82.0,22.7,68.2,46.0,7.3,6.5,120.0,28.2,80.0,6.1,1001.0,23,5,25,7,1,0.0
2026-07-26 00:00:00+00:00,1785024000,karachi,82.0,23.4,76.1,45.0,8.4,7.1,127.0,28.5,79.0,9.1,1000.8,0,6,26,7,1,0.0
2026-07-26 01:00:00+00:00,1785027600,karachi,82.0,23.1,74.7,46.0,8.5,7.0,156.0,28.4,79.0,9.4,1001.3,1,6,26,7,1,0.0
2026-07-26 02:00:00+00:00,1785031200,karachi,81.0,24.4,82.9,47.0,8.6,6.9,195.0,28.6,77.0,11.0,1002.0,2,6,26,7,1,-1.0
2026-07-26 03:00:00+00:00,1785034800,karachi,81.0,27.8,96.2,51.0,8.4,7.1,220.0,29.3,74.0,9.9,1002.4,3,6,26,7,1,0.0
2026-07-26 04:00:00+00:00,1785038400,karachi,81.0,28.5,98.3,58.0,7.7,7.8,216.0,29.9,70.0,10.1,1002.6,4,6,26,7,1,0.0
2026-07-26 05:00:00+00:00,1785042000,karachi,81.0,30.7,104.8,67.0,6.7,8.7,197.0,30.4,68.0,10.4,1003.1,5,6,26,7,1,0.0
2026-07-26 06:00:00+00:00,1785045600,karachi,81.0,32.9,109.7,75.0,5.7,9.2,182.0,31.2,65.0,11.0,1003.4,6,6,26,7,1,0.0
2026-07-26 07:00:00+00:00,1785049200,karachi,81.0,34.1,109.2,83.0,4.7,8.7,177.0,32.5,60.0,10.3,1003.0,7,6,26,7,1,0.0
2026-07-26 08:00:00+00:00,1785052800,karachi,81.0,33.9,104.8,91.0,3.7,7.7,175.0,32.5,61.0,12.5,1002.4,8,6,26,7,1,0.0
2026-07-26 09:00:00+00:00,1785056400,karachi,82.0,33.5,100.6,95.0,3.2,6.9,176.0,32.0,63.0,15.6,1002.0,9,6,26,7,1,1.0
2026-07-26 10:00:00+00:00,1785060000,karachi,82.0,32.1,92.2,93.0,3.3,6.5,183.0,31.8,64.0,14.8,1001.1,10,6,26,7,1,0.0
2026-07-26 11:00:00+00:00,1785063600,karachi,83.0,28.8,79.2,86.0,4.0,6.3,193.0,31.2,66.0,13.6,1000.6,11,6,26,7,1,1.0
2026-07-26 12:00:00+00:00,1785067200,karachi,83.0,28.3,81.3,88.0,5.6,7.0,200.0,31.1,67.0,13.3,1000.6,12,6,26,7,1,0.0
2026-07-26 13:00:00+00:00,1785070800,karachi,83.0,25.7,73.8,75.0,8.0,6.7,202.0,30.2,70.0,11.8,1000.9,13,6,26,7,1,0.0
2026-07-26 14:00:00+00:00,1785074400,karachi,83.0,23.8,66.4,57.0,11.3,6.4,201.0,29.4,74.0,11.3,1001.5,14,6,26,7,1,0.0
2026-07-26 15:00:00+00:00,1785078000,karachi,83.0,22.9,60.3,44.0,13.4,6.1,196.0,28.9,77.0,11.8,1001.9,15,6,26,7,1,0.0
2026-07-26 16:00:00+00:00,1785081600,karachi,83.0,21.2,56.1,41.0,13.1,6.1,186.0,28.7,79.0,11.2,1002.3,16,6,26,7,1,0.0
2026-07-26 17:00:00+00:00,1785085200,karachi,83.0,21.1,55.6,42.0,11.5,6.3,173.0,28.4,81.0,11.0,1002.4,17,6,26,7,1,0.0
2026-07-26 18:00:00+00:00,1785088800,karachi,83.0,21.2,56.8,44.0,10.0,6.3,159.0,28.7,79.0,9.1,1002.1,18,6,26,7,1,0.0
2026-07-26 19:00:00+00:00,1785092400,karachi,83.0,20.6,52.6,45.0,8.8,6.0,143.0,28.5,80.0,9.5,1002.4,19,6,26,7,1,0.0
2026-07-26 20:00:00+00:00,1785096000,karachi,83.0,20.9,54.9,45.0,7.6,5.5,126.0,28.4,81.0,11.4,1002.2,20,6,26,7,1,0.0
2026-07-26 21:00:00+00:00,1785099600,karachi,82.0,21.2,57.2,46.0,6.7,5.2,115.0,28.3,81.0,11.7,1001.6,21,6,26,7,1,-1.0
2026-07-26 22:00:00+00:00,1785103200,karachi,82.0,21.5,59.6,46.0,6.1,5.1,108.0,28.2,81.0,11.5,1001.4,22,6,26,7,1,0.0
2026-07-26 23:00:00+00:00,1785106800,karachi,82.0,21.9,62.2,46.0,5.7,5.2,107.0,28.1,82.0,11.6,1001.3,23,6,26,7,1,0.0
2026-07-27 00:00:00+00:00,1785110400,karachi,82.0,20.8,58.9,49.0,4.6,4.7,121.0,28.5,81.0,11.9,1001.0,0,0,27,7,0,0.0
2026-07-27 01:00:00+00:00,1785114000,karachi,82.0,21.4,61.7,49.0,5.7,5.0,165.0,28.3,81.0,10.2,1001.1,1,0,27,7,0,0.0
2026-07-27 02:00:00+00:00,1785117600,karachi,82.0,24.3,78.2,48.0,7.1,5.5,225.0,28.8,79.0,11.6,1001.7,2,0,27,7,0,0.0
2026-07-27 03:00:00+00:00,1785121200,karachi,82.0,30.7,105.0,52.0,7.9,6.0,262.0,29.7,74.0,13.0,1002.0,3,0,27,7,0,0.0
2026-07-27 04:00:00+00:00,1785124800,karachi,82.0,31.4,106.4,63.0,7.3,6.5,256.0,30.7,68.0,13.0,1002.0,4,0,27,7,0,0.0
2026-07-27 05:00:00+00:00,1785128400,karachi,82.0,35.6,120.1,77.0,6.0,7.0,228.0,31.9,62.0,13.9,1001.7,5,0,27,7,0,0.0
2026-07-27 06:00:00+00:00,1785132000,karachi,83.0,37.4,121.5,88.0,4.9,7.1,205.0,31.5,65.0,15.0,1001.6,6,0,27,7,0,1.0
2026-07-27 07:00:00+00:00,1785135600,karachi,83.0,37.7,118.3,92.0,4.1,6.7,196.0,32.2,62.0,15.7,1001.4,7,0,27,7,0,0.0
2026-07-27 08:00:00+00:00,1785139200,karachi,83.0,36.8,113.4,91.0,3.4,5.9,192.0,32.1,62.0,16.9,1001.0,8,0,27,7,0,0.0
2026-07-27 09:00:00+00:00,1785142800,karachi,83.0,36.6,113.2,88.0,3.3,5.3,193.0,31.7,64.0,17.2,1000.5,9,0,27,7,0,0.0
2026-07-27 10:00:00+00:00,1785146400,karachi,84.0,36.1,110.6,81.0,3.9,5.1,203.0,31.6,64.0,17.2,999.6,10,0,27,7,0,1.0
2026-07-27 11:00:00+00:00,1785150000,karachi,84.0,34.8,103.6,71.0,4.9,5.1,217.0,31.4,65.0,17.3,998.8,11,0,27,7,0,0.0
2026-07-27 12:00:00+00:00,1785153600,karachi,84.0,29.3,89.9,54.0,7.5,5.0,226.0,31.3,64.0,16.7,998.8,12,0,27,7,0,0.0
2026-07-27 13:00:00+00:00,1785157200,karachi,85.0,27.8,82.0,51.0,9.2,5.2,224.0,30.4,68.0,16.9,998.8,13,0,27,7,0,1.0
2026-07-27 14:00:00+00:00,1785160800,karachi,85.0,26.2,74.0,46.0,11.5,5.4,215.0,29.5,73.0,16.9,999.0,14,0,27,7,0,0.0
2026-07-27 15:00:00+00:00,1785164400,karachi,85.0,25.6,70.5,43.0,12.9,5.6,205.0,29.1,77.0,16.8,999.7,15,0,27,7,0,0.0
2026-07-27 16:00:00+00:00,1785168000,karachi,85.0,25.2,70.3,43.0,12.5,5.6,193.0,28.6,80.0,15.8,1000.3,16,0,27,7,0,0.0
2026-07-27 17:00:00+00:00,1785171600,karachi,85.0,21.7,61.9,44.0,11.3,5.6,179.0,28.4,82.0,15.6,1000.4,17,0,27,7,0,0.0
2026-07-27 18:00:00+00:00,1785175200,karachi,85.0,18.9,55.3,45.0,10.0,5.5,165.0,28.7,79.0,15.0,1000.0,18,0,27,7,0,0.0
2026-07-27 19:00:00+00:00,1785178800,karachi,85.0,18.4,52.6,45.0,9.1,5.4,149.0,28.4,79.0,14.0,999.9,19,0,27,7,0,0.0
2026-07-27 20:00:00+00:00,1785182400,karachi,85.0,16.6,44.8,45.0,8.2,5.2,133.0,28.3,79.0,13.4,999.4,20,0,27,7,0,0.0
2026-07-27 21:00:00+00:00,1785186000,karachi,85.0,15.6,40.0,45.0,7.4,5.0,121.0,28.0,81.0,14.4,998.8,21,0,27,7,0,0.0
2026-07-27 22:00:00+00:00,1785189600,karachi,84.0,14.4,35.6,46.0,6.4,4.8,112.0,27.9,80.0,14.9,998.3,22,0,27,7,0,-1.0
2026-07-27 23:00:00+00:00,1785193200,karachi,84.0,13.3,32.4,46.0,5.5,4.7,107.0,27.9,80.0,15.1,998.1,23,0,27,7,0,0.0
2026-07-28 00:00:00+00:00,1785196800,karachi,83.0,14.5,41.2,47.0,5.4,4.7,120.0,27.9,86.0,15.6,998.1,0,1,28,7,0,-1.0
2026-07-28 01:00:00+00:00,1785200400,karachi,83.0,14.7,38.9,47.0,6.4,4.9,169.0,27.7,87.0,14.5,998.2,1,1,28,7,0,0.0
2026-07-28 02:00:00+00:00,1785204000,karachi,82.0,16.2,44.4,48.0,7.7,5.3,235.0,28.1,84.0,14.6,998.7,2,1,28,7,0,-1.0
2026-07-28 03:00:00+00:00,1785207600,karachi,81.0,20.1,56.3,51.0,8.2,5.5,275.0,29.0,78.0,15.3,999.0,3,1,28,7,0,-1.0
2026-07-28 04:00:00+00:00,1785211200,karachi,81.0,22.0,61.5,60.0,7.3,5.6,262.0,30.1,71.0,15.8,999.3,4,1,28,7,0,0.0
2026-07-28 05:00:00+00:00,1785214800,karachi,80.0,23.4,65.9,71.0,5.6,5.6,224.0,30.9,66.0,16.7,999.1,5,1,28,7,0,-1.0
2026-07-28 06:00:00+00:00,1785218400,karachi,79.0,24.4,67.5,80.0,4.2,5.6,195.0,31.1,65.0,16.9,999.3,6,1,28,7,0,-1.0
2026-07-28 07:00:00+00:00,1785222000,karachi,78.0,25.0,68.9,85.0,3.5,5.5,190.0,31.4,64.0,17.3,999.2,7,1,28,7,0,-1.0
2026-07-28 08:00:00+00:00,1785225600,karachi,77.0,25.5,69.8,87.0,3.1,5.3,194.0,31.3,65.0,16.6,998.8,8,1,28,7,0,-1.0
2026-07-28 09:00:00+00:00,1785229200,karachi,76.0,25.1,67.5,86.0,3.2,5.1,203.0,31.7,63.0,17.6,998.3,9,1,28,7,0,-1.0
2026-07-28 10:00:00+00:00,1785232800,karachi,75.0,25.0,66.4,81.0,3.8,5.0,218.0,31.8,62.0,17.8,997.6,10,1,28,7,0,-1.0
2026-07-28 11:00:00+00:00,1785236400,karachi,74.0,24.8,66.6,73.0,4.8,5.0,236.0,31.1,68.0,17.6,997.1,11,1,28,7,0,-1.0
2026-07-28 12:00:00+00:00,1785240000,karachi,73.0,31.8,92.9,68.0,6.1,4.9,248.0,30.7,71.0,18.4,996.9,12,1,28,7,0,-1.0
2026-07-28 13:00:00+00:00,1785243600,karachi,74.0,30.0,85.2,62.0,8.3,5.1,246.0,29.7,76.0,19.0,997.0,13,1,28,7,0,1.0
2026-07-28 14:00:00+00:00,1785247200,karachi,74.0,27.8,74.0,53.0,11.3,5.4,238.0,28.9,81.0,16.9,997.5,14,1,28,7,0,0.0
2026-07-28 15:00:00+00:00,1785250800,karachi,74.0,27.1,64.3,47.0,13.4,5.6,229.0,28.6,82.0,15.9,997.7,15,1,28,7,0,0.0
2026-07-28 16:00:00+00:00,1785254400,karachi,74.0,26.8,61.0,46.0,13.8,5.8,224.0,28.8,79.0,14.0,998.7,16,1,28,7,0,0.0
2026-07-28 17:00:00+00:00,1785258000,karachi,74.0,24.9,54.6,47.0,13.2,6.1,219.0,28.6,82.0,12.2,999.4,17,1,28,7,0,0.0
2026-07-28 18:00:00+00:00,1785261600,karachi,74.0,25.7,55.1,49.0,12.3,6.1,208.0,28.9,82.0,10.4,999.3,18,1,28,7,0,0.0
2026-07-28 19:00:00+00:00,1785265200,karachi,75.0,26.0,53.8,50.0,11.0,5.8,185.0,28.6,85.0,11.4,999.2,19,1,28,7,0,1.0
2026-07-28 20:00:00+00:00,1785268800,karachi,76.0,25.0,50.5,51.0,9.3,5.4,156.0,28.3,87.0,12.0,999.0,20,1,28,7,0,1.0
2026-07-28 21:00:00+00:00,1785272400,karachi,76.0,23.3,47.3,52.0,7.8,5.0,135.0,28.2,86.0,12.4,998.6,21,1,28,7,0,0.0
2026-07-28 22:00:00+00:00,1785276000,karachi,77.0,21.5,44.1,52.0,6.5,4.8,125.0,27.7,91.0,12.9,998.2,22,1,28,7,0,1.0
2026-07-28 23:00:00+00:00,1785279600,karachi,77.0,20.0,41.3,52.0,5.5,4.6,122.0,27.7,92.0,12.8,998.1,23,1,28,7,0,0.0
2026-07-29 00:00:00+00:00,1785283200,karachi,78.0,19.8,42.3,54.0,4.9,4.3,136.0,28.0,91.0,11.9,998.0,0,2,29,7,0,1.0
2026-07-29 01:00:00+00:00,1785286800,karachi,78.0,19.4,41.1,52.0,6.2,4.5,181.0,28.0,91.0,12.4,998.4,1,2,29,7,0,0.0
2026-07-29 02:00:00+00:00,1785290400,karachi,79.0,19.6,42.7,50.0,7.8,4.9,241.0,28.4,87.0,15.1,998.7,2,2,29,7,0,1.0
2026-07-29 03:00:00+00:00,1785294000,karachi,79.0,22.9,52.4,52.0,8.7,5.2,278.0,29.3,81.0,16.5,999.0,3,2,29,7,0,0.0
2026-07-29 04:00:00+00:00,1785297600,karachi,79.0,25.1,58.9,60.0,8.0,5.5,268.0,30.4,75.0,16.6,999.3,4,2,29,7,0,0.0
2026-07-29 05:00:00+00:00,1785301200,karachi,79.0,27.2,66.1,72.0,6.4,5.7,235.0,31.8,66.0,15.9,999.4,5,2,29,7,0,0.0
2026-07-29 06:00:00+00:00,1785304800,karachi,80.0,26.8,63.8,81.0,5.2,5.8,210.0,32.2,64.0,16.1,999.6,6,2,29,7,0,1.0
2026-07-29 07:00:00+00:00,1785308400,karachi,80.0,27.4,66.6,87.0,4.5,5.8,206.0,32.8,61.0,14.9,999.5,7,2,29,7,0,0.0
2026-07-29 08:00:00+00:00,1785312000,karachi,80.0,27.6,66.8,91.0,4.2,5.7,210.0,33.2,59.0,14.9,999.1,8,2,29,7,0,0.0
2026-07-29 09:00:00+00:00,1785315600,karachi,80.0,27.5,66.1,91.0,4.3,5.6,219.0,32.5,64.0,16.3,998.6,9,2,29,7,0,0.0
2026-07-29 10:00:00+00:00,1785319200,karachi,80.0,27.6,66.4,86.0,5.0,5.5,234.0,31.6,68.0,18.1,998.1,10,2,29,7,0,0.0
2026-07-29 11:00:00+00:00,1785322800,karachi,81.0,27.4,64.7,77.0,6.2,5.5,253.0,31.0,71.0,17.1,997.7,11,2,29,7,0,1.0
2026-07-29 12:00:00+00:00,1785326400,karachi,81.0,30.3,75.2,71.0,8.3,5.8,268.0,31.0,72.0,14.9,997.9,12,2,29,7,0,0.0
2026-07-29 13:00:00+00:00,1785330000,karachi,81.0,29.5,70.5,64.0,10.8,6.0,275.0,29.9,77.0,14.3,998.0,13,2,29,7,0,0.0
2026-07-29 14:00:00+00:00,1785333600,karachi,81.0,28.6,66.1,55.0,14.3,6.3,278.0,28.9,83.0,14.1,998.1,14,2,29,7,0,0.0
2026-07-29 15:00:00+00:00,1785337200,karachi,81.0,26.4,60.3,47.0,16.9,6.6,279.0,28.4,85.0,11.6,998.7,15,2,29,7,0,0.0
2026-07-29 16:00:00+00:00,1785340800,karachi,81.0,23.6,54.0,43.0,18.1,7.0,283.0,28.6,84.0,10.7,999.7,16,2,29,7,0,0.0
2026-07-29 17:00:00+00:00,1785344400,karachi,80.0,22.5,49.5,42.0,18.5,7.4,286.0,28.6,83.0,8.6,1000.0,17,2,29,7,0,-1.0
2026-07-29 18:00:00+00:00,1785348000,karachi,80.0,22.0,46.9,41.0,18.2,7.6,277.0,28.8,84.0,8.9,999.4,18,2,29,7,0,0.0
2026-07-29 19:00:00+00:00,1785351600,karachi,80.0,21.2,44.1,41.0,17.0,7.3,245.0,28.4,87.0,9.7,998.9,19,2,29,7,0,0.0
2026-07-29 20:00:00+00:00,1785355200,karachi,80.0,20.2,41.4,42.0,15.0,6.7,201.0,28.4,87.0,9.0,998.8,20,2,29,7,0,0.0
2026-07-29 21:00:00+00:00,1785358800,karachi,79.0,19.0,39.5,44.0,13.0,6.2,167.0,28.1,89.0,8.9,998.6,21,2,29,7,0,-1.0
2026-07-29 22:00:00+00:00,1785362400,karachi,79.0,18.3,38.9,46.0,11.0,5.9,147.0,28.0,90.0,9.7,997.9,22,2,29,7,0,0.0
2026-07-29 23:00:00+00:00,1785366000,karachi,79.0,17.8,38.6,48.0,8.9,5.8,137.0,27.8,90.0,10.5,997.5,23,2,29,7,0,0.0
2026-07-30 00:00:00+00:00,1785369600,karachi,78.0,17.4,37.6,48.0,8.4,5.8,152.0,28.0,91.0,8.9,997.7,0,3,30,7,0,-1.0
2026-07-30 01:00:00+00:00,1785373200,karachi,78.0,18.0,40.3,48.0,9.2,6.2,214.0,27.9,91.0,9.0,997.6,1,3,30,7,0,0.0
2026-07-30 02:00:00+00:00,1785376800,karachi,78.0,20.6,50.9,50.0,10.2,6.8,300.0,28.4,88.0,8.7,997.9,2,3,30,7,0,0.0
2026-07-30 03:00:00+00:00,1785380400,karachi,78.0,23.3,61.0,56.0,10.5,7.6,354.0,29.4,81.0,9.2,998.1,3,3,30,7,0,0.0
2026-07-30 04:00:00+00:00,1785384000,karachi,78.0,29.9,82.4,71.0,9.6,8.8,343.0,30.9,73.0,9.1,998.4,4,3,30,7,0,0.0
2026-07-30 05:00:00+00:00,1785387600,karachi,79.0,30.4,85.7,91.0,8.1,10.2,300.0,32.1,67.0,8.5,998.3,5,3,30,7,0,1.0
2026-07-30 06:00:00+00:00,1785391200,karachi,79.0,34.9,95.0,108.0,6.7,10.9,267.0,32.1,68.0,9.9,998.6,6,3,30,7,0,0.0
2026-07-30 07:00:00+00:00,1785394800,karachi,80.0,36.6,92.7,121.0,5.6,10.5,259.0,32.8,66.0,10.6,998.1,7,3,30,7,0,1.0
2026-07-30 08:00:00+00:00,1785398400,karachi,80.0,35.7,86.8,131.0,4.8,9.4,261.0,32.9,66.0,11.2,997.9,8,3,30,7,0,0.0
2026-07-30 09:00:00+00:00,1785402000,karachi,81.0,33.5,79.6,133.0,4.6,8.5,269.0,32.9,67.0,12.9,997.2,9,3,30,7,0,1.0
2026-07-30 10:00:00+00:00,1785405600,karachi,81.0,31.4,75.4,123.0,5.3,8.0,287.0,32.3,69.0,13.0,996.7,10,3,30,7,0,0.0
2026-07-30 11:00:00+00:00,1785409200,karachi,82.0,30.4,75.2,106.0,6.8,7.6,310.0,31.8,70.0,12.2,996.1,11,3,30,7,0,1.0
2026-07-30 12:00:00+00:00,1785412800,karachi,82.0,36.4,95.2,96.0,9.1,8.4,327.0,31.4,72.0,13.5,996.0,12,3,30,7,0,0.0
2026-07-30 13:00:00+00:00,1785416400,karachi,82.0,34.5,90.1,81.0,12.6,8.2,331.0,30.4,77.0,13.2,996.0,13,3,30,7,0,0.0
2026-07-30 14:00:00+00:00,1785420000,karachi,83.0,32.6,82.7,61.0,17.3,8.0,328.0,29.7,81.0,10.7,996.4,14,3,30,7,0,1.0
2026-07-30 15:00:00+00:00,1785423600,karachi,83.0,28.8,72.6,46.0,20.9,8.0,321.0,29.2,84.0,9.6,996.9,15,3,30,7,0,0.0
2026-07-30 16:00:00+00:00,1785427200,karachi,83.0,27.3,69.2,41.0,22.1,8.3,314.0,29.1,84.0,8.3,997.4,16,3,30,7,0,0.0
2026-07-30 17:00:00+00:00,1785430800,karachi,84.0,27.1,67.3,42.0,22.1,8.8,304.0,29.2,83.0,9.0,998.3,17,3,30,7,0,1.0
2026-07-30 18:00:00+00:00,1785434400,karachi,84.0,27.0,62.9,42.0,22.0,9.1,284.0,29.4,84.0,8.5,998.4,18,3,30,7,0,0.0
2026-07-30 19:00:00+00:00,1785438000,karachi,84.0,26.8,59.1,40.0,22.5,9.1,246.0,28.8,87.0,7.6,997.8,19,3,30,7,0,0.0
2026-07-30 20:00:00+00:00,1785441600,karachi,85.0,26.0,54.5,38.0,22.8,8.9,200.0,28.5,88.0,5.7,997.2,20,3,30,7,0,1.0
2026-07-30 21:00:00+00:00,1785445200,karachi,85.0,24.7,49.2,37.0,22.1,8.6,165.0,28.2,91.0,5.6,996.5,21,3,30,7,0,0.0
2026-07-30 22:00:00+00:00,1785448800,karachi,86.0,23.4,46.2,39.0,19.3,8.1,144.0,28.0,92.0,8.1,996.6,22,3,30,7,0,1.0
2026-07-30 23:00:00+00:00,1785452400,karachi,86.0,21.9,44.4,43.0,15.4,7.6,135.0,27.8,93.0,9.1,996.6,23,3,30,7,0,0.0
2026-07-31 00:00:00+00:00,1785456000,karachi,86.0,21.6,44.2,44.0,14.0,7.9,154.0,28.2,91.0,7.8,996.6,0,4,31,7,0,0.0
2026-07-31 01:00:00+00:00,1785459600,karachi,87.0,21.3,43.1,45.0,14.5,8.7,229.0,27.9,93.0,6.3,996.7,1,4,31,7,0,1.0
2026-07-31 02:00:00+00:00,1785463200,karachi,87.0,24.0,54.5,47.0,15.0,9.9,331.0,28.3,90.0,5.2,997.1,2,4,31,7,0,0.0
2026-07-31 03:00:00+00:00,1785466800,karachi,87.0,26.8,71.2,55.0,14.8,10.9,398.0,29.4,82.0,6.3,997.2,3,4,31,7,0,0.0
2026-07-31 04:00:00+00:00,1785470400,karachi,88.0,31.4,93.1,75.0,13.2,11.6,393.0,30.8,74.0,7.3,997.2,4,4,31,7,0,1.0
2026-07-31 05:00:00+00:00,1785474000,karachi,88.0,35.4,102.2,101.0,10.7,12.2,352.0,31.8,70.0,7.3,997.4,5,4,31,7,0,0.0
2026-07-31 06:00:00+00:00,1785477600,karachi,88.0,39.8,108.3,123.0,8.6,12.3,316.0,33.0,64.0,9.2,997.4,6,4,31,7,0,0.0
2026-07-31 07:00:00+00:00,1785481200,karachi,88.0,42.8,109.4,139.0,6.9,11.8,298.0,33.2,64.0,10.9,997.0,7,4,31,7,0,0.0
2026-07-31 08:00:00+00:00,1785484800,karachi,89.0,42.6,103.4,150.0,5.5,10.9,286.0,33.2,64.0,12.2,996.6,8,4,31,7,0,1.0
2026-07-31 09:00:00+00:00,1785488400,karachi,89.0,40.5,95.2,153.0,5.0,10.1,285.0,33.3,63.0,11.6,995.8,9,4,31,7,0,0.0
2026-07-31 10:00:00+00:00,1785492000,karachi,90.0,38.0,88.2,142.0,5.7,9.4,307.0,33.0,65.0,11.8,994.9,10,4,31,7,0,1.0
2026-07-31 11:00:00+00:00,1785495600,karachi,90.0,35.4,82.4,122.0,7.3,8.8,340.0,32.2,70.0,12.5,994.6,11,4,31,7,0,0.0
2026-07-31 12:00:00+00:00,1785499200,karachi,91.0,38.5,88.7,128.0,10.2,10.3,357.0,31.9,72.0,11.6,994.6,12,4,31,7,0,1.0
2026-07-31 13:00:00+00:00,1785502800,karachi,92.0,36.0,84.5,103.0,15.1,9.7,342.0,31.0,76.0,10.8,994.6,13,4,31,7,0,1.0
2026-07-31 14:00:00+00:00,1785506400,karachi,92.0,33.5,79.6,68.0,21.7,8.8,310.0,30.2,82.0,9.7,995.6,14,4,31,7,0,0.0
2026-07-31 15:00:00+00:00,1785510000,karachi,91.0,29.8,71.2,42.0,26.3,8.2,287.0,29.7,86.0,9.2,996.4,15,4,31,7,0,-1.0
2026-07-31 16:00:00+00:00,1785513600,karachi,91.0,27.0,65.2,34.0,26.8,8.1,285.0,29.6,87.0,7.5,997.1,16,4,31,7,0,0.0
2026-07-31 17:00:00+00:00,1785517200,karachi,91.0,25.7,64.3,34.0,25.3,8.4,292.0,29.5,87.0,4.0,997.8,17,4,31,7,0,0.0
2026-07-31 18:00:00+00:00,1785520800,karachi,91.0,25.1,62.2,35.0,23.8,8.6,286.0,29.5,86.0,4.6,997.9,18,4,31,7,0,0.0
2026-07-31 19:00:00+00:00,1785524400,karachi,91.0,25.1,58.8,34.0,23.2,8.8,255.0,29.2,87.0,4.8,997.4,19,4,31,7,0,0.0
2026-07-31 20:00:00+00:00,1785528000,karachi,91.0,24.6,57.2,33.0,22.7,8.9,213.0,29.1,87.0,2.5,997.3,20,4,31,7,0,0.0
2026-07-31 21:00:00+00:00,1785531600,karachi,91.0,23.9,55.2,33.0,22.0,9.1,180.0,28.9,88.0,2.2,997.1,21,4,31,7,0,0.0
2026-07-31 22:00:00+00:00,1785535200,karachi,91.0,23.0,52.0,32.0,20.8,9.3,157.0,28.7,90.0,4.2,997.0,22,4,31,7,0,0.0
2026-07-31 23:00:00+00:00,1785538800,karachi,91.0,22.2,50.1,31.0,19.5,9.5,144.0,28.3,93.0,7.4,996.8,23,4,31,7,0,0.0
2026-08-01 00:00:00+00:00,1785542400,karachi,91.0,22.9,53.7,31.0,19.3,10.3,159.0,28.9,90.0,5.4,997.3,0,5,1,8,1,0.0
2026-08-01 01:00:00+00:00,1785546000,karachi,91.0,22.7,53.8,32.0,19.7,10.6,230.0,28.8,91.0,5.7,997.9,1,5,1,8,1,0.0
2026-08-01 02:00:00+00:00,1785549600,karachi,91.0,25.1,67.8,34.0,20.2,11.1,329.0,29.2,88.0,6.4,998.6,2,5,1,8,1,0.0
2026-08-01 03:00:00+00:00,1785553200,karachi,91.0,27.8,81.7,41.0,19.8,11.9,399.0,30.1,83.0,5.6,998.7,3,5,1,8,1,0.0
2026-08-01 04:00:00+00:00,1785556800,karachi,91.0,31.2,92.2,57.0,18.1,13.4,414.0,31.0,77.0,5.3,998.7,4,5,1,8,1,0.0
2026-08-01 05:00:00+00:00,1785560400,karachi,91.0,34.7,101.3,78.0,15.6,15.2,398.0,32.3,72.0,6.3,998.8,5,5,1,8,1,0.0
2026-08-01 06:00:00+00:00,1785564000,karachi,91.0,38.9,107.6,96.0,13.0,15.9,370.0,32.2,71.0,11.3,999.5,6,5,1,8,1,0.0
2026-08-01 07:00:00+00:00,1785567600,karachi,91.0,41.8,107.3,111.0,10.1,14.5,323.0,32.4,69.0,12.9,999.3,7,5,1,8,1,0.0
2026-08-01 08:00:00+00:00,1785571200,karachi,91.0,41.2,101.5,122.0,7.1,12.0,262.0,32.6,66.0,13.8,998.8,8,5,1,8,1,0.0
2026-08-01 09:00:00+00:00,1785574800,karachi,91.0,37.8,94.1,124.0,5.4,9.8,223.0,32.5,66.0,15.8,998.5,9,5,1,8,1,0.0
2026-08-01 10:00:00+00:00,1785578400,karachi,91.0,33.6,86.8,109.0,5.6,8.2,225.0,32.3,67.0,15.9,997.7,10,5,1,8,1,0.0
2026-08-01 11:00:00+00:00,1785582000,karachi,90.0,31.8,86.8,85.0,7.0,6.8,249.0,31.1,73.0,16.3,997.8,11,5,1,8,1,-1.0
2026-08-01 12:00:00+00:00,1785585600,karachi,90.0,31.7,90.6,63.0,11.3,6.6,267.0,30.8,72.0,14.9,997.8,12,5,1,8,1,0.0
2026-08-01 13:00:00+00:00,1785589200,karachi,89.0,30.0,84.5,56.0,13.0,6.4,271.0,30.1,75.0,13.8,997.8,13,5,1,8,1,-1.0
2026-08-01 14:00:00+00:00,1785592800,karachi,89.0,27.3,76.6,47.0,15.2,6.0,270.0,29.5,78.0,12.0,998.2,14,5,1,8,1,0.0
2026-08-01 15:00:00+00:00,1785596400,karachi,88.0,25.0,71.2,41.0,16.4,5.8,260.0,29.2,79.0,11.9,998.8,15,5,1,8,1,-1.0
2026-08-01 16:00:00+00:00,1785600000,karachi,88.0,23.7,68.7,40.0,15.6,5.8,235.0,29.0,80.0,11.5,999.3,16,5,1,8,1,0.0
2026-08-01 17:00:00+00:00,1785603600,karachi,88.0,23.1,66.6,41.0,13.7,5.8,201.0,28.8,81.0,12.2,999.4,17,5,1,8,1,0.0
2026-08-01 18:00:00+00:00,1785607200,karachi,88.0,22.4,62.4,42.0,11.8,5.8,171.0,29.0,77.0,11.5,1000.3,18,5,1,8,1,0.0
2026-08-01 19:00:00+00:00,1785610800,karachi,87.0,21.1,56.5,43.0,10.2,5.5,150.0,28.9,78.0,10.7,1000.2,19,5,1,8,1,-1.0
2026-08-01 20:00:00+00:00,1785614400,karachi,87.0,20.3,54.2,44.0,8.7,5.1,135.0,28.7,79.0,10.6,999.8,20,5,1,8,1,0.0
2026-08-01 21:00:00+00:00,1785618000,karachi,87.0,19.0,49.9,45.0,7.4,4.8,124.0,28.6,80.0,9.0,999.6,21,5,1,8,1,0.0
2026-08-01 22:00:00+00:00,1785621600,karachi,86.0,18.7,49.4,46.0,6.4,4.7,115.0,28.5,80.0,10.4,999.7,22,5,1,8,1,-1.0
2026-08-01 23:00:00+00:00,1785625200,karachi,86.0,18.2,48.3,46.0,5.8,4.6,112.0,28.5,80.0,11.4,999.8,23,5,1,8,1,0.0
2026-08-02 00:00:00+00:00,1785628800,karachi,86.0,20.9,61.2,49.0,5.2,4.7,124.0,28.5,80.0,11.1,1000.2,0,6,2,8,1,0.0
2026-08-02 01:00:00+00:00,1785632400,karachi,86.0,19.6,55.5,48.0,5.9,4.9,169.0,28.3,81.0,11.4,1000.3,1,6,2,8,1,0.0
2026-08-02 02:00:00+00:00,1785636000,karachi,85.0,20.4,61.0,48.0,6.8,5.2,231.0,28.2,82.0,11.3,1000.4,2,6,2,8,1,-1.0
2026-08-02 03:00:00+00:00,1785639600,karachi,85.0,23.1,68.2,50.0,7.2,5.6,268.0,28.4,81.0,10.7,1001.0,3,6,2,8,1,0.0
2026-08-02 04:00:00+00:00,1785643200,karachi,85.0,24.2,71.5,57.0,6.5,6.1,257.0,28.6,79.0,11.6,1001.4,4,6,2,8,1,0.0
2026-08-02 05:00:00+00:00,1785646800,karachi,84.0,25.3,75.7,66.0,5.4,6.6,221.0,29.2,76.0,11.3,1001.5,5,6,2,8,1,-1.0
2026-08-02 06:00:00+00:00,1785650400,karachi,83.0,26.4,78.9,73.0,4.3,6.8,193.0,28.9,74.0,10.5,1002.4,6,6,2,8,1,-1.0
2026-08-02 07:00:00+00:00,1785654000,karachi,82.0,27.2,80.6,77.0,3.5,6.5,183.0,28.9,75.0,12.2,1002.2,7,6,2,8,1,-1.0
2026-08-02 08:00:00+00:00,1785657600,karachi,81.0,26.4,76.8,80.0,2.9,5.8,180.0,29.0,75.0,12.3,1002.0,8,6,2,8,1,-1.0
2026-08-02 09:00:00+00:00,1785661200,karachi,80.0,25.2,71.9,79.0,2.7,5.3,182.0,29.2,74.0,12.6,1001.8,9,6,2,8,1,-1.0
2026-08-02 10:00:00+00:00,1785664800,karachi,79.0,23.6,65.0,72.0,3.3,5.0,192.0,29.3,73.0,15.0,1000.7,10,6,2,8,1,-1.0
2026-08-02 11:00:00+00:00,1785668400,karachi,78.0,22.8,61.7,61.0,4.4,4.9,207.0,29.3,71.0,12.2,1000.7,11,6,2,8,1,-1.0
2026-08-02 12:00:00+00:00,1785672000,karachi,77.0,26.4,77.8,49.0,7.2,5.4,216.0,29.6,71.0,12.6,1000.5,12,6,2,8,1,-1.0
2026-08-02 13:00:00+00:00,1785675600,karachi,77.0,26.5,76.1,47.0,8.3,5.6,213.0,29.2,72.0,11.8,1000.5,13,6,2,8,1,0.0
2026-08-02 14:00:00+00:00,1785679200,karachi,77.0,26.8,74.5,44.0,9.9,5.9,204.0,28.7,77.0,11.0,1001.0,14,6,2,8,1,0.0
2026-08-02 15:00:00+00:00,1785682800,karachi,77.0,27.3,73.6,41.0,11.2,6.1,192.0,28.5,79.0,10.4,1001.5,15,6,2,8,1,0.0
2026-08-02 16:00:00+00:00,1785686400,karachi,77.0,27.8,69.2,39.0,12.0,6.4,178.0,28.5,79.0,11.0,1002.0,16,6,2,8,1,0.0
2026-08-02 17:00:00+00:00,1785690000,karachi,77.0,28.8,70.3,38.0,12.6,6.6,163.0,28.3,80.0,12.4,1002.4,17,6,2,8,1,0.0
2026-08-02 18:00:00+00:00,1785693600,karachi,78.0,25.3,63.8,37.0,12.4,6.6,149.0,28.2,81.0,11.0,1002.8,18,6,2,8,1,1.0
2026-08-02 19:00:00+00:00,1785697200,karachi,78.0,27.5,68.0,38.0,11.1,6.2,138.0,27.9,83.0,11.6,1002.4,19,6,2,8,1,0.0
2026-08-02 20:00:00+00:00,1785700800,karachi,78.0,30.4,77.1,40.0,9.1,5.7,128.0,27.5,84.0,11.0,1002.2,20,6,2,8,1,0.0
2026-08-02 21:00:00+00:00,1785704400,karachi,79.0,30.0,74.7,41.0,7.4,5.2,123.0,27.3,85.0,9.4,1001.7,21,6,2,8,1,1.0
2026-08-02 22:00:00+00:00,1785708000,karachi,80.0,29.8,74.0,42.0,6.1,4.9,117.0,27.2,86.0,9.5,1001.7,22,6,2,8,1,1.0
2026-08-02 23:00:00+00:00,1785711600,karachi,81.0,27.8,70.8,43.0,5.2,4.6,116.0,27.3,85.0,8.9,1001.8,23,6,2,8,1,1.0
2026-08-03 00:00:00+00:00,1785715200,karachi,82.0,26.8,69.2,44.0,5.0,4.7,132.0,28.1,82.0,11.3,1001.3,0,0,3,8,0,1.0
2026-08-03 01:00:00+00:00,1785718800,karachi,82.0,25.2,65.4,42.0,7.5,5.3,187.0,27.9,83.0,11.4,1001.4,1,0,3,8,0,0.0
2026-08-03 02:00:00+00:00,1785722400,karachi,83.0,24.2,61.7,40.0,10.9,6.2,260.0,28.1,82.0,12.9,1001.9,2,0,3,8,0,1.0
2026-08-03 03:00:00+00:00,1785726000,karachi,83.0,26.5,71.2,39.0,12.9,6.8,305.0,28.4,79.0,12.8,1002.4,3,0,3,8,0,0.0
2026-08-03 04:00:00+00:00,1785729600,karachi,83.0,26.1,70.8,41.0,12.3,6.9,293.0,28.6,78.0,12.7,1002.6,4,0,3,8,0,0.0
2026-08-03 05:00:00+00:00,1785733200,karachi,83.0,25.6,71.0,45.0,10.4,6.8,252.0,29.2,74.0,13.5,1002.9,5,0,3,8,0,0.0
2026-08-03 06:00:00+00:00,1785736800,karachi,83.0,25.5,72.4,49.0,8.7,6.6,220.0,30.2,69.0,14.3,1003.5,6,0,3,8,0,0.0
2026-08-03 07:00:00+00:00,1785740400,karachi,83.0,25.6,72.2,52.0,7.7,6.4,209.0,30.0,70.0,15.3,1003.3,7,0,3,8,0,0.0
2026-08-03 08:00:00+00:00,1785744000,karachi,83.0,25.2,69.8,55.0,7.1,6.1,207.0,30.8,68.0,15.4,1003.0,8,0,3,8,0,0.0
2026-08-03 09:00:00+00:00,1785747600,karachi,83.0,24.9,67.8,56.0,6.8,5.8,210.0,31.0,68.0,15.6,1002.4,9,0,3,8,0,0.0
2026-08-03 10:00:00+00:00,1785751200,karachi,83.0,24.4,64.5,56.0,6.8,5.6,222.0,30.8,67.0,15.7,1001.8,10,0,3,8,0,0.0
2026-08-03 11:00:00+00:00,1785754800,karachi,83.0,24.1,61.5,55.0,7.3,5.5,240.0,30.3,70.0,17.0,1001.3,11,0,3,8,0,0.0
2026-08-03 12:00:00+00:00,1785758400,karachi,83.0,29.0,75.9,53.0,8.7,5.6,251.0,30.1,68.0,16.7,1001.4,12,0,3,8,0,0.0
2026-08-03 13:00:00+00:00,1785762000,karachi,83.0,29.6,76.4,48.0,11.8,5.9,249.0,29.3,72.0,14.9,1001.4,13,0,3,8,0,0.0
2026-08-03 14:00:00+00:00,1785765600,karachi,84.0,30.4,75.0,41.0,16.1,6.4,241.0,28.8,74.0,13.9,1001.3,14,0,3,8,0,1.0
2026-08-03 15:00:00+00:00,1785769200,karachi,84.0,28.9,65.2,36.0,19.3,6.8,236.0,28.6,75.0,14.4,1002.0,15,0,3,8,0,0.0
2026-08-03 16:00:00+00:00,1785772800,karachi,84.0,27.4,60.8,34.0,20.8,7.2,241.0,28.4,77.0,14.5,1002.4,16,0,3,8,0,0.0
2026-08-03 17:00:00+00:00,1785776400,karachi,84.0,27.6,61.2,33.0,21.3,7.5,247.0,28.2,79.0,14.1,1003.0,17,0,3,8,0,0.0
2026-08-03 18:00:00+00:00,1785780000,karachi,84.0,27.9,61.7,33.0,20.6,7.6,243.0,28.1,78.0,12.1,1003.1,18,0,3,8,0,0.0
2026-08-03 19:00:00+00:00,1785783600,karachi,84.0,28.1,63.1,35.0,18.1,7.2,215.0,27.8,80.0,11.7,1003.2,19,0,3,8,0,0.0
2026-08-03 20:00:00+00:00,1785787200,karachi,84.0,32.1,77.3,39.0,14.4,6.4,176.0,27.6,82.0,11.8,1002.9,20,0,3,8,0,0.0
2026-08-03 21:00:00+00:00,1785790800,karachi,84.0,28.8,67.8,42.0,11.2,5.8,147.0,27.5,82.0,11.5,1002.6,21,0,3,8,0,0.0
2026-08-03 22:00:00+00:00,1785794400,karachi,84.0,25.1,58.7,44.0,8.9,5.4,133.0,27.4,83.0,11.0,1002.4,22,0,3,8,0,0.0
2026-08-03 23:00:00+00:00,1785798000,karachi,84.0,23.4,55.4,46.0,7.2,5.1,130.0,27.4,83.0,10.0,1002.5,23,0,3,8,0,0.0
2026-08-04 00:00:00+00:00,1785801600,karachi,84.0,22.5,53.2,45.0,7.4,5.7,142.0,28.0,81.0,9.9,1002.7,0,1,4,8,0,0.0
2026-08-04 01:00:00+00:00,1785805200,karachi,83.0,22.6,53.2,46.0,8.2,5.9,185.0,27.8,81.0,10.0,1002.9,1,1,4,8,0,-1.0
2026-08-04 02:00:00+00:00,1785808800,karachi,83.0,23.7,58.3,48.0,9.2,6.2,243.0,28.3,77.0,10.8,1003.2,2,1,4,8,0,0.0
2026-08-04 03:00:00+00:00,1785812400,karachi,83.0,25.3,63.6,51.0,9.6,6.4,279.0,29.3,71.0,13.3,1003.8,3,1,4,8,0,0.0
2026-08-04 04:00:00+00:00,1785816000,karachi,83.0,26.9,69.2,57.0,8.7,6.4,268.0,30.0,67.0,14.4,1004.0,4,1,4,8,0,0.0
2026-08-04 05:00:00+00:00,1785819600,karachi,83.0,27.0,71.2,64.0,7.1,6.2,234.0,30.3,67.0,14.1,1004.3,5,1,4,8,0,0.0
2026-08-04 06:00:00+00:00,1785823200,karachi,83.0,27.0,71.0,70.0,5.8,6.0,208.0,31.0,63.0,15.4,1004.2,6,1,4,8,0,0.0
2026-08-04 07:00:00+00:00,1785826800,karachi,83.0,26.2,67.5,75.0,4.9,5.8,203.0,31.3,62.0,15.2,1004.0,7,1,4,8,0,0.0
2026-08-04 08:00:00+00:00,1785830400,karachi,83.0,25.6,65.2,78.0,4.1,5.5,206.0,31.4,62.0,14.9,1003.5,8,1,4,8,0,0.0
2026-08-04 09:00:00+00:00,1785834000,karachi,83.0,25.5,64.7,79.0,4.1,5.3,214.0,31.3,63.0,14.1,1003.0,9,1,4,8,0,0.0
2026-08-04 10:00:00+00:00,1785837600,karachi,83.0,25.7,64.7,75.0,5.0,5.3,230.0,31.2,63.0,13.8,1002.3,10,1,4,8,0,0.0
2026-08-04 11:00:00+00:00,1785841200,karachi,83.0,25.7,65.2,69.0,6.7,5.5,252.0,30.6,66.0,13.7,1001.6,11,1,4,8,0,0.0
2026-08-04 12:00:00+00:00,1785844800,karachi,83.0,27.8,70.5,66.0,7.9,5.6,265.0,30.5,67.0,13.0,1001.8,12,1,4,8,0,0.0
2026-08-04 13:00:00+00:00,1785848400,karachi,83.0,27.6,70.5,60.0,9.7,5.9,263.0,29.5,72.0,13.7,1001.7,13,1,4,8,0,0.0
2026-08-04 14:00:00+00:00,1785852000,karachi,83.0,27.9,69.6,52.0,12.2,6.2,254.0,29.1,76.0,13.8,1002.1,14,1,4,8,0,0.0
2026-08-04 15:00:00+00:00,1785855600,karachi,83.0,28.3,68.9,45.0,14.2,6.5,242.0,28.7,77.0,14.6,1002.8,15,1,4,8,0,0.0
2026-08-04 16:00:00+00:00,1785859200,karachi,83.0,27.8,66.6,42.0,15.5,6.7,231.0,28.4,78.0,12.4,1003.6,16,1,4,8,0,0.0
2026-08-04 17:00:00+00:00,1785862800,karachi,83.0,25.1,57.5,40.0,16.2,6.8,219.0,28.2,79.0,12.4,1003.8,17,1,4,8,0,0.0
2026-08-04 18:00:00+00:00,1785866400,karachi,83.0,24.0,53.6,40.0,16.1,6.7,204.0,28.4,80.0,11.7,1003.4,18,1,4,8,0,0.0
2026-08-04 19:00:00+00:00,1785870000,karachi,83.0,23.7,52.6,41.0,14.6,6.4,183.0,28.1,83.0,12.1,1002.9,19,1,4,8,0,0.0
2026-08-04 20:00:00+00:00,1785873600,karachi,82.0,23.2,51.5,43.0,12.2,5.8,158.0,27.9,85.0,14.0,1002.6,20,1,4,8,0,-1.0
2026-08-04 21:00:00+00:00,1785877200,karachi,81.0,22.6,49.8,45.0,10.0,5.4,140.0,27.7,86.0,13.8,1002.4,21,1,4,8,0,-1.0
2026-08-04 22:00:00+00:00,1785880800,karachi,81.0,21.6,47.6,47.0,8.2,5.1,127.0,27.6,87.0,13.7,1002.1,22,1,4,8,0,0.0
2026-08-04 23:00:00+00:00,1785884400,karachi,81.0,17.7,38.6,49.0,6.5,4.9,121.0,27.5,87.0,13.3,1001.6,23,1,4,8,0,0.0
2026-08-05 00:00:00+00:00,1785888000,karachi,80.0,15.8,34.9,51.0,6.0,4.9,132.0,28.0,83.0,11.7,1001.4,0,2,5,8,0,-1.0
2026-08-05 01:00:00+00:00,1785891600,karachi,80.0,16.1,36.0,50.0,7.2,5.2,180.0,27.8,85.0,12.1,1001.6,1,2,5,8,0,0.0
2026-08-05 02:00:00+00:00,1785895200,karachi,79.0,17.8,41.8,50.0,8.8,5.6,245.0,28.0,83.0,12.7,1001.9,2,2,5,8,0,-1.0
2026-08-05 03:00:00+00:00,1785898800,karachi,79.0,20.4,49.2,52.0,9.5,5.9,285.0,29.0,77.0,14.0,1002.0,3,2,5,8,0,0.0
2026-08-05 04:00:00+00:00,1785902400,karachi,78.0,22.8,56.3,60.0,8.4,5.9,272.0,30.1,70.0,13.8,1002.2,4,2,5,8,0,-1.0
2026-08-05 05:00:00+00:00,1785906000,karachi,78.0,24.9,62.6,71.0,6.4,5.7,233.0,31.2,64.0,14.9,1002.1,5,2,5,8,0,0.0
2026-08-05 06:00:00+00:00,1785909600,karachi,78.0,25.6,64.0,79.0,4.8,5.5,204.0,31.1,64.0,16.3,1001.8,6,2,5,8,0,0.0
2026-08-05 07:00:00+00:00,1785913200,karachi,78.0,26.0,65.0,83.0,3.9,5.3,197.0,31.3,63.0,16.7,1001.6,7,2,5,8,0,0.0
2026-08-05 08:00:00+00:00,1785916800,karachi,78.0,26.0,64.0,84.0,3.5,5.0,200.0,31.5,61.0,16.7,1000.9,8,2,5,8,0,0.0
2026-08-05 09:00:00+00:00,1785920400,karachi,78.0,25.8,63.1,83.0,3.5,4.8,207.0,31.7,62.0,17.7,1000.5,9,2,5,8,0,0.0
2026-08-05 10:00:00+00:00,1785924000,karachi,78.0,25.8,62.6,78.0,4.2,4.8,221.0,31.4,63.0,17.9,999.7,10,2,5,8,0,0.0
2026-08-05 11:00:00+00:00,1785927600,karachi,78.0,26.5,64.3,70.0,5.4,4.8,240.0,31.0,66.0,18.5,999.1,11,2,5,8,0,0.0
2026-08-05 12:00:00+00:00,1785931200,karachi,78.0,36.1,90.1,63.0,6.6,4.8,249.0,30.3,70.0,18.2,999.2,12,2,5,8,0,0.0
2026-08-05 13:00:00+00:00,1785934800,karachi,79.0,36.3,89.9,57.0,9.0,5.0,241.0,29.5,74.0,18.5,999.3,13,2,5,8,0,1.0
2026-08-05 14:00:00+00:00,1785938400,karachi,79.0,36.4,87.1,50.0,12.3,5.3,223.0,28.7,78.0,17.4,999.7,14,2,5,8,0,0.0
2026-08-05 15:00:00+00:00,1785942000,karachi,80.0,35.5,80.8,44.0,14.4,5.5,208.0,28.3,80.0,16.0,1000.0,15,2,5,8,0,1.0
2026-08-05 16:00:00+00:00,1785945600,karachi,80.0,34.0,75.7,43.0,14.5,5.7,203.0,28.4,80.0,14.0,1000.9,16,2,5,8,0,0.0
2026-08-05 17:00:00+00:00,1785949200,karachi,81.0,32.2,70.3,43.0,13.5,5.8,200.0,28.4,80.0,13.0,1001.3,17,2,5,8,0,1.0
2026-08-05 18:00:00+00:00,1785952800,karachi,82.0,27.2,61.5,44.0,12.2,5.8,192.0,28.5,81.0,14.7,1000.9,18,2,5,8,0,1.0
2026-08-05 19:00:00+00:00,1785956400,karachi,82.0,25.8,58.8,44.0,10.9,5.6,172.0,28.1,83.0,13.8,1000.6,19,2,5,8,0,0.0
2026-08-05 20:00:00+00:00,1785960000,karachi,82.0,25.5,59.3,45.0,9.4,5.2,147.0,27.8,85.0,12.6,1000.1,20,2,5,8,0,0.0
2026-08-05 21:00:00+00:00,1785963600,karachi,82.0,25.3,59.3,46.0,8.0,4.9,129.0,27.8,86.0,11.9,999.6,21,2,5,8,0,0.0
2026-08-05 22:00:00+00:00,1785967200,karachi,82.0,24.6,58.1,47.0,6.8,4.7,120.0,27.6,87.0,13.0,999.3,22,2,5,8,0,0.0
2026-08-05 23:00:00+00:00,1785970800,karachi,83.0,22.8,53.4,49.0,5.7,4.6,119.0,27.5,88.0,13.9,999.1,23,2,5,8,0,1.0
2026-08-06 00:00:00+00:00,1785974400,karachi,83.0,22.5,52.2,50.0,5.6,4.8,131.0,27.5,87.0,13.8,999.3,0,3,6,8,0,0.0
2026-08-06 01:00:00+00:00,1785978000,karachi,83.0,22.4,50.8,49.0,7.1,5.0,171.0,27.4,88.0,13.5,999.7,1,3,6,8,0,0.0
2026-08-06 02:00:00+00:00,1785981600,karachi,84.0,23.4,53.1,49.0,9.0,5.3,225.0,27.8,85.0,15.9,1000.0,2,3,6,8,0,1.0
2026-08-06 03:00:00+00:00,1785985200,karachi,84.0,25.6,59.8,50.0,9.9,5.5,258.0,28.7,79.0,16.5,1000.4,3,3,6,8,0,0.0
2026-08-06 04:00:00+00:00,1785988800,karachi,85.0,27.5,64.5,56.0,8.7,5.5,249.0,29.6,73.0,17.1,1000.7,4,3,6,8,0,1.0
2026-08-06 05:00:00+00:00,1785992400,karachi,85.0,29.8,71.0,64.0,6.4,5.3,219.0,30.0,71.0,17.1,1000.8,5,3,6,8,0,0.0
2026-08-06 06:00:00+00:00,1785996000,karachi,86.0,27.0,62.6,70.0,4.6,5.2,196.0,30.4,70.0,17.7,1000.6,6,3,6,8,0,1.0
2026-08-06 07:00:00+00:00,1785999600,karachi,86.0,26.5,62.2,74.0,3.7,5.1,189.0,30.9,68.0,17.9,1000.3,7,3,6,8,0,0.0
2026-08-06 08:00:00+00:00,1786003200,karachi,86.0,27.6,67.5,76.0,3.4,4.9,188.0,30.9,69.0,18.1,999.8,8,3,6,8,0,0.0
2026-08-06 09:00:00+00:00,1786006800,karachi,86.0,26.3,61.5,76.0,3.5,4.8,194.0,30.6,70.0,18.7,999.7,9,3,6,8,0,0.0
2026-08-06 10:00:00+00:00,1786010400,karachi,86.0,27.5,63.8,72.0,4.3,4.8,210.0,30.5,71.0,18.9,999.2,10,3,6,8,0,0.0
2026-08-06 11:00:00+00:00,1786014000,karachi,86.0,25.0,53.2,65.0,5.7,4.8,232.0,30.4,71.0,19.5,998.5,11,3,6,8,0,0.0
2026-08-06 12:00:00+00:00,1786017600,karachi,86.0,22.4,46.2,61.0,6.7,4.8,247.0,30.1,72.0,17.9,998.7,12,3,6,8,0,0.0
2026-08-06 13:00:00+00:00,1786021200,karachi,85.0,21.8,42.8,57.0,8.5,5.0,249.0,29.4,73.0,17.1,998.7,13,3,6,8,0,-1.0
2026-08-06 14:00:00+00:00,1786024800,karachi,84.0,22.2,43.0,51.0,10.9,5.3,243.0,28.8,77.0,16.7,999.2,14,3,6,8,0,-1.0
2026-08-06 15:00:00+00:00,1786028400,karachi,83.0,22.7,43.7,47.0,12.6,5.5,236.0,28.5,78.0,15.7,999.7,15,3,6,8,0,-1.0
2026-08-06 16:00:00+00:00,1786032000,karachi,82.0,21.3,42.4,46.0,13.0,5.7,230.0,28.2,79.0,16.2,1000.6,16,3,6,8,0,-1.0
2026-08-06 17:00:00+00:00,1786035600,karachi,81.0,19.6,38.6,46.0,12.7,5.8,223.0,27.8,85.0,15.0,1001.5,17,3,6,8,0,-1.0
2026-08-06 18:00:00+00:00,1786039200,karachi,80.0,19.1,38.4,47.0,11.9,5.7,211.0,27.9,84.0,13.8,1001.2,18,3,6,8,0,-1.0
2026-08-06 19:00:00+00:00,1786042800,karachi,79.0,18.1,36.8,48.0,10.5,5.4,190.0,27.6,85.0,13.0,1001.1,19,3,6,8,0,-1.0
2026-08-06 20:00:00+00:00,1786046400,karachi,78.0,20.3,43.1,48.0,8.5,4.9,165.0,27.5,86.0,11.8,1000.7,20,3,6,8,0,-1.0
2026-08-06 21:00:00+00:00,1786050000,karachi,78.0,18.3,38.0,49.0,7.0,4.5,145.0,27.3,87.0,10.1,1000.5,21,3,6,8,0,0.0
2026-08-06 22:00:00+00:00,1786053600,karachi,77.0,16.1,32.5,49.0,6.0,4.4,131.0,27.4,85.0,12.6,999.9,22,3,6,8,0,-1.0
2026-08-06 23:00:00+00:00,1786057200,karachi,77.0,14.7,29.7,49.0,5.4,4.4,122.0,27.3,85.0,13.2,999.7,23,3,6,8,0,0.0
2026-08-07 00:00:00+00:00,1786060800,karachi,76.0,18.7,41.8,52.0,5.7,4.7,131.0,27.5,84.0,12.1,1000.0,0,4,7,8,0,-1.0
2026-08-07 01:00:00+00:00,1786064400,karachi,76.0,16.8,35.4,51.0,7.5,5.2,175.0,27.4,85.0,11.2,1000.3,1,4,7,8,0,0.0
2026-08-07 02:00:00+00:00,1786068000,karachi,75.0,17.6,36.1,49.0,10.0,5.8,236.0,27.9,83.0,11.3,1000.8,2,4,7,8,0,-1.0
2026-08-07 03:00:00+00:00,1786071600,karachi,75.0,19.6,42.1,50.0,11.1,6.2,273.0,28.8,77.0,14.2,1001.2,3,4,7,8,0,0.0
2026-08-07 04:00:00+00:00,1786075200,karachi,74.0,21.8,50.9,56.0,9.7,6.1,263.0,29.5,72.0,14.8,1001.6,4,4,7,8,0,-1.0
2026-08-07 05:00:00+00:00,1786078800,karachi,74.0,22.6,54.7,64.0,7.0,5.7,229.0,30.5,67.0,15.0,1001.9,5,4,7,8,0,0.0
2026-08-07 06:00:00+00:00,1786082400,karachi,73.0,22.8,54.6,71.0,4.9,5.3,203.0,30.7,65.0,16.1,1002.1,6,4,7,8,0,-1.0
2026-08-07 07:00:00+00:00,1786086000,karachi,73.0,23.3,57.3,75.0,3.9,5.1,195.0,30.9,65.0,15.3,1001.7,7,4,7,8,0,0.0
2026-08-07 08:00:00+00:00,1786089600,karachi,73.0,23.4,55.9,77.0,3.4,5.0,194.0,31.7,61.0,15.4,1001.1,8,4,7,8,0,0.0
2026-08-07 09:00:00+00:00,1786093200,karachi,72.0,24.6,63.1,76.0,3.6,4.9,199.0,31.1,65.0,16.8,1000.9,9,4,7,8,0,-1.0
2026-08-07 10:00:00+00:00,1786096800,karachi,72.0,25.0,64.7,70.0,4.6,4.9,214.0,30.2,70.0,16.4,1000.5,10,4,7,8,0,0.0
2026-08-07 11:00:00+00:00,1786100400,karachi,72.0,23.9,59.6,61.0,6.1,5.0,234.0,30.3,68.0,16.2,999.8,11,4,7,8,0,0.0
2026-08-07 12:00:00+00:00,1786104000,karachi,72.0,26.5,69.4,55.0,7.5,4.9,248.0,30.0,69.0,15.3,999.8,12,4,7,8,0,0.0
2026-08-07 13:00:00+00:00,1786107600,karachi,72.0,26.7,66.6,49.0,9.7,5.3,248.0,29.2,72.0,12.9,1000.2,13,4,7,8,0,0.0
2026-08-07 14:00:00+00:00,1786111200,karachi,73.0,27.1,64.7,42.0,12.8,5.8,242.0,28.7,74.0,13.4,1000.5,14,4,7,8,0,1.0
2026-08-07 15:00:00+00:00,1786114800,karachi,73.0,28.6,64.5,36.0,14.8,6.2,234.0,28.4,77.0,14.5,1000.8,15,4,7,8,0,0.0
2026-08-07 16:00:00+00:00,1786118400,karachi,74.0,24.0,53.7,35.0,14.9,6.4,228.0,28.1,79.0,12.1,1001.6,16,4,7,8,0,1.0
2026-08-07 17:00:00+00:00,1786122000,karachi,74.0,23.2,53.0,35.0,14.0,6.5,221.0,27.8,81.0,12.9,1001.7,17,4,7,8,0,0.0
2026-08-07 18:00:00+00:00,1786125600,karachi,74.0,21.8,48.5,36.0,12.9,6.4,208.0,28.1,81.0,12.0,1002.1,18,4,7,8,0,0.0
2026-08-07 19:00:00+00:00,1786129200,karachi,74.0,20.7,45.9,37.0,11.7,6.2,183.0,28.0,81.0,11.1,1001.8,19,4,7,8,0,0.0
2026-08-07 20:00:00+00:00,1786132800,karachi,75.0,23.7,55.2,37.0,10.2,5.8,153.0,27.9,81.0,11.5,1001.5,20,4,7,8,0,1.0
2026-08-07 21:00:00+00:00,1786136400,karachi,75.0,20.4,45.4,38.0,9.0,5.5,131.0,27.7,83.0,12.4,1001.2,21,4,7,8,0,0.0
2026-08-07 22:00:00+00:00,1786140000,karachi,75.0,18.2,40.3,38.0,8.0,5.4,118.0,27.5,84.0,12.0,1001.0,22,4,7,8,0,0.0
2026-08-07 23:00:00+00:00,1786143600,karachi,75.0,17.1,38.3,38.0,7.3,5.3,114.0,27.3,85.0,10.8,1000.8,23,4,7,8,0,0.0
2026-08-08 00:00:00+00:00,1786147200,karachi,75.0,16.5,36.2,42.0,6.5,5.3,128.0,27.3,86.0,10.8,1001.4,0,5,8,8,1,0.0
2026-08-08 01:00:00+00:00,1786150800,karachi,75.0,16.6,37.0,41.0,7.9,5.7,179.0,27.0,87.0,9.6,1001.3,1,5,8,8,1,0.0
2026-08-08 02:00:00+00:00,1786154400,karachi,75.0,18.6,44.0,41.0,9.7,6.3,249.0,27.5,84.0,10.5,1001.8,2,5,8,8,1,0.0
2026-08-08 03:00:00+00:00,1786158000,karachi,75.0,20.9,51.1,43.0,10.5,6.7,291.0,28.3,79.0,12.2,1002.1,3,5,8,8,1,0.0
2026-08-08 04:00:00+00:00,1786161600,karachi,75.0,23.5,60.8,51.0,9.3,6.6,278.0,29.2,73.0,13.1,1002.5,4,5,8,8,1,0.0
2026-08-08 05:00:00+00:00,1786165200,karachi,75.0,25.4,68.7,61.0,7.0,6.3,237.0,30.2,67.0,13.8,1002.8,5,5,8,8,1,0.0
2026-08-08 06:00:00+00:00,1786168800,karachi,76.0,27.4,78.0,70.0,5.2,6.0,206.0,30.3,67.0,14.6,1003.3,6,5,8,8,1,1.0
2026-08-08 07:00:00+00:00,1786172400,karachi,76.0,27.2,78.2,76.0,4.3,5.8,197.0,29.9,70.0,15.4,1003.1,7,5,8,8,1,0.0
2026-08-08 08:00:00+00:00,1786176000,karachi,76.0,27.5,78.7,79.0,3.9,5.5,197.0,30.8,66.0,15.0,1002.7,8,5,8,8,1,0.0
2026-08-08 09:00:00+00:00,1786179600,karachi,77.0,27.4,78.7,80.0,4.0,5.4,204.0,30.9,65.0,14.4,1002.1,9,5,8,8,1,1.0
2026-08-08 10:00:00+00:00,1786183200,karachi,77.0,26.5,75.0,76.0,4.7,5.5,223.0,30.5,66.0,13.2,1001.4,10,5,8,8,1,0.0
2026-08-08 11:00:00+00:00,1786186800,karachi,77.0,25.6,70.8,69.0,5.8,5.7,250.0,30.6,64.0,11.6,1000.9,11,5,8,8,1,0.0
2026-08-08 12:00:00+00:00,1786190400,karachi,77.0,32.7,97.6,74.0,6.7,6.0,266.0,30.6,65.0,11.7,1000.9,12,5,8,8,1,0.0
2026-08-08 13:00:00+00:00,1786194000,karachi,78.0,30.2,85.4,64.0,8.8,6.1,263.0,29.7,68.0,11.7,1001.1,13,5,8,8,1,1.0
2026-08-08 14:00:00+00:00,1786197600,karachi,78.0,27.0,69.2,51.0,11.6,6.3,251.0,29.0,72.0,12.1,1001.6,14,5,8,8,1,0.0
2026-08-08 15:00:00+00:00,1786201200,karachi,78.0,25.6,61.7,41.0,13.6,6.4,237.0,28.4,77.0,11.9,1002.4,15,5,8,8,1,0.0
2026-08-08 16:00:00+00:00,1786204800,karachi,78.0,24.0,56.9,37.0,14.1,6.4,226.0,28.2,79.0,11.5,1003.0,16,5,8,8,1,0.0
2026-08-08 17:00:00+00:00,1786208400,karachi,78.0,23.3,55.2,37.0,13.9,6.4,214.0,28.0,80.0,11.5,1003.8,17,5,8,8,1,0.0
2026-08-08 18:00:00+00:00,1786212000,karachi,78.0,21.1,48.5,37.0,13.4,6.3,198.0,27.9,80.0,10.5,1004.1,18,5,8,8,1,0.0
2026-08-08 19:00:00+00:00,1786215600,karachi,78.0,19.9,44.2,37.0,12.8,6.2,173.0,27.6,82.0,9.9,1004.2,19,5,8,8,1,0.0
2026-08-08 20:00:00+00:00,1786219200,karachi,78.0,18.8,41.6,37.0,11.9,6.0,145.0,27.4,83.0,9.7,1004.0,20,5,8,8,1,0.0
2026-08-08 21:00:00+00:00,1786222800,karachi,77.0,17.6,38.2,37.0,11.0,5.9,125.0,27.2,84.0,8.7,1003.4,21,5,8,8,1,-1.0
2026-08-08 22:00:00+00:00,1786226400,karachi,77.0,16.8,36.8,37.0,10.2,5.9,118.0,27.0,85.0,7.6,1003.4,22,5,8,8,1,0.0
2026-08-08 23:00:00+00:00,1786230000,karachi,77.0,16.3,36.0,37.0,9.4,5.9,120.0,26.7,87.0,8.5,1003.1,23,5,8,8,1,0.0
2026-08-09 00:00:00+00:00,1786233600,karachi,77.0,16.1,33.9,38.0,9.7,6.4,130.0,27.1,84.0,8.5,1003.1,0,6,9,8,1,0.0
2026-08-09 01:00:00+00:00,1786237200,karachi,77.0,16.2,33.2,40.0,9.5,6.7,157.0,27.0,85.0,7.9,1003.7,1,6,9,8,1,0.0
2026-08-09 02:00:00+00:00,1786240800,karachi,77.0,18.2,41.2,43.0,9.1,7.1,193.0,27.5,83.0,8.9,1004.1,2,6,9,8,1,0.0
2026-08-09 03:00:00+00:00,1786244400,karachi,77.0,19.7,51.3,48.0,8.4,7.3,215.0,28.5,77.0,10.7,1004.4,3,6,9,8,1,0.0
2026-08-09 04:00:00+00:00,1786248000,karachi,77.0,22.7,63.3,58.0,6.9,7.3,211.0,29.6,71.0,10.4,1004.5,4,6,9,8,1,0.0
2026-08-09 05:00:00+00:00,1786251600,karachi,77.0,25.6,76.4,71.0,5.0,7.2,194.0,30.8,65.0,10.2,1004.5,5,6,9,8,1,0.0
2026-08-09 06:00:00+00:00,1786255200,karachi,77.0,28.0,85.0,82.0,3.6,7.0,179.0,31.1,64.0,10.4,1004.6,6,6,9,8,1,0.0
2026-08-09 07:00:00+00:00,1786258800,karachi,77.0,28.9,83.6,90.0,2.9,6.8,170.0,30.7,67.0,12.5,1004.2,7,6,9,8,1,0.0
2026-08-09 08:00:00+00:00,1786262400,karachi,77.0,29.0,81.0,97.0,2.6,6.7,164.0,30.7,68.0,14.5,1003.9,8,6,9,8,1,0.0
2026-08-09 09:00:00+00:00,1786266000,karachi,77.0,27.5,74.5,98.0,2.6,6.4,162.0,31.0,67.0,15.0,1003.5,9,6,9,8,1,0.0
2026-08-09 10:00:00+00:00,1786269600,karachi,77.0,24.2,63.6,90.0,3.0,6.0,168.0,30.6,68.0,15.9,1002.9,10,6,9,8,1,0.0
2026-08-09 11:00:00+00:00,1786273200,karachi,77.0,21.8,57.2,77.0,3.7,5.5,180.0,30.2,69.0,15.8,1002.6,11,6,9,8,1,0.0
2026-08-09 12:00:00+00:00,1786276800,karachi,76.0,32.4,99.2,72.0,4.6,5.5,188.0,30.1,68.0,15.8,1002.7,12,6,9,8,1,-1.0
2026-08-09 13:00:00+00:00,1786280400,karachi,76.0,28.7,85.7,64.0,6.3,5.6,191.0,29.1,73.0,14.0,1002.7,13,6,9,8,1,0.0
2026-08-09 14:00:00+00:00,1786284000,karachi,76.0,25.3,71.2,53.0,8.6,5.7,191.0,28.6,75.0,12.5,1003.2,14,6,9,8,1,0.0
2026-08-09 15:00:00+00:00,1786287600,karachi,76.0,23.1,58.6,45.0,10.1,5.8,187.0,28.3,77.0,11.1,1003.7,15,6,9,8,1,0.0
2026-08-09 16:00:00+00:00,1786291200,karachi,76.0,21.1,51.3,42.0,10.3,5.8,177.0,28.2,78.0,12.9,1004.0,16,6,9,8,1,0.0
2026-08-09 17:00:00+00:00,1786294800,karachi,76.0,19.5,46.1,43.0,9.7,5.6,162.0,28.0,79.0,12.5,1004.8,17,6,9,8,1,0.0
2026-08-09 18:00:00+00:00,1786298400,karachi,75.0,16.0,36.8,43.0,9.0,5.5,149.0,28.2,78.0,14.3,1004.6,18,6,9,8,1,-1.0
2026-08-09 19:00:00+00:00,1786302000,karachi,75.0,13.8,30.5,43.0,8.3,5.3,138.0,27.8,80.0,15.1,1004.2,19,6,9,8,1,0.0
2026-08-09 20:00:00+00:00,1786305600,karachi,74.0,12.6,27.1,44.0,7.5,5.1,127.0,27.5,83.0,12.7,1003.9,20,6,9,8,1,-1.0
2026-08-09 21:00:00+00:00,1786309200,karachi,74.0,11.9,25.2,44.0,6.8,4.9,120.0,27.3,84.0,9.7,1003.5,21,6,9,8,1,0.0
2026-08-09 22:00:00+00:00,1786312800,karachi,74.0,11.6,24.7,44.0,6.3,4.8,111.0,27.1,86.0,9.4,1003.2,22,6,9,8,1,0.0
2026-08-09 23:00:00+00:00,1786316400,karachi,73.0,11.6,24.6,44.0,5.9,4.9,105.0,27.0,86.0,11.2,1002.9,23,6,9,8,1,-1.0
2026-08-10 00:00:00+00:00,1786320000,karachi,73.0,11.7,28.3,47.0,5.7,4.8,118.0,27.3,84.0,12.9,1003.2,0,0,10,8,0,0.0
2026-08-10 01:00:00+00:00,1786323600,karachi,72.0,12.4,28.3,46.0,7.0,5.2,170.0,27.2,85.0,11.5,1003.3,1,0,10,8,0,-1.0
2026-08-10 02:00:00+00:00,1786327200,karachi,72.0,14.3,32.4,46.0,8.8,5.7,241.0,27.6,83.0,13.0,1003.7,2,0,10,8,0,0.0
2026-08-10 03:00:00+00:00,1786330800,karachi,72.0,17.2,42.1,48.0,9.5,6.0,282.0,28.5,78.0,13.6,1004.0,3,0,10,8,0,0.0
2026-08-10 04:00:00+00:00,1786334400,karachi,72.0,20.5,57.6,56.0,8.1,5.8,264.0,29.6,71.0,16.0,1004.2,4,0,10,8,0,0.0
2026-08-10 05:00:00+00:00,1786338000,karachi,71.0,23.5,70.5,67.0,5.8,5.4,217.0,30.7,64.0,16.9,1004.2,5,0,10,8,0,-1.0
2026-08-10 06:00:00+00:00,1786341600,karachi,71.0,25.0,71.7,75.0,3.9,5.0,181.0,30.6,66.0,18.9,1004.2,6,0,10,8,0,0.0
2026-08-10 07:00:00+00:00,1786345200,karachi,71.0,26.0,73.8,79.0,3.2,4.8,174.0,31.1,64.0,18.9,1003.5,7,0,10,8,0,0.0
2026-08-10 08:00:00+00:00,1786348800,karachi,71.0,25.8,67.5,81.0,3.0,4.7,178.0,30.8,65.0,18.6,1002.9,8,0,10,8,0,0.0
2026-08-10 09:00:00+00:00,1786352400,karachi,71.0,24.7,61.2,80.0,3.2,4.6,186.0,30.6,67.0,18.8,1002.4,9,0,10,8,0,0.0
2026-08-10 10:00:00+00:00,1786356000,karachi,70.0,23.7,55.9,75.0,3.9,4.6,198.0,30.0,70.0,19.5,1001.9,10,0,10,8,0,-1.0
2026-08-10 11:00:00+00:00,1786359600,karachi,70.0,25.4,59.8,67.0,5.1,4.6,214.0,29.6,73.0,19.5,1001.2,11,0,10,8,0,0.0
2026-08-10 12:00:00+00:00,1786363200,karachi,71.0,25.6,65.4,60.0,6.1,4.5,223.0,29.5,70.0,20.2,1001.2,12,0,10,8,0,1.0
2026-08-10 13:00:00+00:00,1786366800,karachi,70.0,23.3,55.3,55.0,7.6,4.6,218.0,28.5,74.0,20.1,1001.2,13,0,10,8,0,-1.0
2026-08-10 14:00:00+00:00,1786370400,karachi,70.0,22.3,49.9,47.0,9.6,4.7,206.0,27.8,77.0,18.2,1001.6,14,0,10,8,0,0.0
2026-08-10 15:00:00+00:00,1786374000,karachi,69.0,22.2,47.6,42.0,11.2,4.9,195.0,27.7,77.0,17.1,1002.1,15,0,10,8,0,-1.0
2026-08-10 16:00:00+00:00,1786377600,karachi,69.0,20.9,43.5,40.0,11.9,5.2,189.0,27.7,77.0,14.5,1002.7,16,0,10,8,0,0.0
2026-08-10 17:00:00+00:00,1786381200,karachi,69.0,18.7,39.1,40.0,12.2,5.5,183.0,27.5,81.0,13.6,1003.5,17,0,10,8,0,0.0
2026-08-10 18:00:00+00:00,1786384800,karachi,69.0,19.5,40.3,40.0,11.8,5.6,174.0,27.8,81.0,14.6,1002.8,18,0,10,8,0,0.0
2026-08-10 19:00:00+00:00,1786388400,karachi,70.0,19.7,39.7,41.0,10.6,5.4,157.0,27.4,83.0,14.0,1002.2,19,0,10,8,0,1.0
2026-08-10 20:00:00+00:00,1786392000,karachi,70.0,19.0,37.8,42.0,8.8,5.0,137.0,27.2,85.0,13.4,1001.7,20,0,10,8,0,0.0
2026-08-10 21:00:00+00:00,1786395600,karachi,70.0,17.9,35.7,43.0,7.2,4.6,122.0,27.1,86.0,12.9,1000.9,21,0,10,8,0,0.0
2026-08-10 22:00:00+00:00,1786399200,karachi,71.0,17.4,35.6,44.0,6.0,4.4,112.0,27.1,86.0,12.5,1000.9,22,0,10,8,0,1.0
2026-08-10 23:00:00+00:00,1786402800,karachi,71.0,17.5,36.3,45.0,5.1,4.2,108.0,27.1,86.0,12.7,1000.7,23,0,10,8,0,0.0
2026-08-11 00:00:00+00:00,1786406400,karachi,72.0,18.8,38.6,46.0,4.9,4.2,120.0,27.4,83.0,15.0,1001.2,0,1,11,8,0,1.0
2026-08-11 01:00:00+00:00,1786410000,karachi,72.0,24.2,51.7,45.0,6.7,4.6,165.0,27.4,83.0,14.5,1001.5,1,1,11,8,0,0.0
2026-08-11 02:00:00+00:00,1786413600,karachi,73.0,21.9,45.5,43.0,9.2,5.2,227.0,27.7,83.0,14.1,1002.0,2,1,11,8,0,1.0
2026-08-11 03:00:00+00:00,1786417200,karachi,74.0,23.1,47.5,44.0,10.5,5.5,265.0,28.7,76.0,16.5,1002.2,3,1,11,8,0,1.0
2026-08-11 04:00:00+00:00,1786420800,karachi,74.0,25.8,54.9,49.0,9.5,5.4,255.0,29.2,72.0,18.1,1002.5,4,1,11,8,0,0.0
2026-08-11 05:00:00+00:00,1786424400,karachi,75.0,27.8,61.9,56.0,7.2,5.1,220.0,29.5,71.0,18.4,1002.6,5,1,11,8,0,1.0
2026-08-11 06:00:00+00:00,1786428000,karachi,75.0,28.7,65.9,62.0,5.4,4.9,195.0,30.1,69.0,18.9,1002.9,6,1,11,8,0,0.0
2026-08-11 07:00:00+00:00,1786431600,karachi,75.0,29.1,68.2,66.0,4.5,4.8,191.0,30.2,69.0,19.2,1002.2,7,1,11,8,0,0.0
2026-08-11 08:00:00+00:00,1786435200,karachi,76.0,29.0,68.2,69.0,3.9,4.7,196.0,30.1,69.0,18.3,1001.6,8,1,11,8,0,1.0
2026-08-11 09:00:00+00:00,1786438800,karachi,76.0,29.6,70.5,70.0,3.9,4.6,205.0,30.2,71.0,17.1,1001.2,9,1,11,8,0,0.0
2026-08-11 10:00:00+00:00,1786442400,karachi,76.0,27.9,63.3,67.0,4.6,4.6,220.0,29.8,72.0,16.9,1000.3,10,1,11,8,0,0.0
2026-08-11 11:00:00+00:00,1786446000,karachi,77.0,26.7,59.4,61.0,5.8,4.7,238.0,29.9,72.0,16.9,999.4,11,1,11,8,0,1.0
2026-08-11 12:00:00+00:00,1786449600,karachi,77.0,26.0,62.4,56.0,7.1,4.9,250.0,29.5,73.0,16.1,999.8,12,1,11,8,0,0.0
2026-08-11 13:00:00+00:00,1786453200,karachi,77.0,24.2,53.3,51.0,9.1,5.2,249.0,28.6,77.0,15.6,999.6,13,1,11,8,0,0.0
2026-08-11 14:00:00+00:00,1786456800,karachi,77.0,22.9,47.8,45.0,12.0,5.6,240.0,28.0,80.0,14.5,1000.3,14,1,11,8,0,0.0
2026-08-11 15:00:00+00:00,1786460400,karachi,77.0,21.6,42.6,40.0,14.3,6.0,234.0,27.6,83.0,12.7,1001.2,15,1,11,8,0,0.0
2026-08-11 16:00:00+00:00,1786464000,karachi,77.0,19.4,38.1,38.0,15.8,6.4,236.0,27.3,85.0,11.6,1001.9,16,1,11,8,0,0.0
2026-08-11 17:00:00+00:00,1786467600,karachi,77.0,19.4,38.1,37.0,16.9,6.8,240.0,27.1,87.0,11.2,1002.1,17,1,11,8,0,0.0
2026-08-11 18:00:00+00:00,1786471200,karachi,77.0,19.0,36.8,37.0,16.7,6.9,233.0,27.4,84.0,11.9,1002.0,18,1,11,8,0,0.0
2026-08-11 19:00:00+00:00,1786474800,karachi,77.0,19.0,37.7,39.0,14.5,6.5,205.0,27.0,86.0,10.1,1001.9,19,1,11,8,0,0.0
2026-08-11 20:00:00+00:00,1786478400,karachi,77.0,18.7,39.3,43.0,11.1,5.9,167.0,26.8,87.0,9.2,1001.9,20,1,11,8,0,0.0
2026-08-11 21:00:00+00:00,1786482000,karachi,77.0,17.6,37.8,46.0,8.5,5.4,140.0,26.7,88.0,9.7,1001.6,21,1,11,8,0,0.0
2026-08-11 22:00:00+00:00,1786485600,karachi,77.0,16.8,36.4,47.0,7.2,5.2,126.0,26.4,89.0,10.5,1001.4,22,1,11,8,0,0.0
2026-08-11 23:00:00+00:00,1786489200,karachi,77.0,17.2,36.9,46.0,6.7,5.2,123.0,26.5,88.0,10.3,1001.7,23,1,11,8,0,0.0
2026-08-12 00:00:00+00:00,1786492800,karachi,77.0,17.5,37.5,47.0,6.8,5.3,141.0,27.0,88.0,10.0,1002.0,0,2,12,8,0,0.0
2026-08-12 01:00:00+00:00,1786496400,karachi,77.0,17.6,36.4,45.0,8.7,5.6,201.0,26.9,88.0,10.9,1002.3,1,2,12,8,0,0.0
2026-08-12 02:00:00+00:00,1786500000,karachi,76.0,18.3,39.6,44.0,11.3,6.1,281.0,27.1,87.0,11.5,1002.8,2,2,12,8,0,-1.0
2026-08-12 03:00:00+00:00,1786503600,karachi,76.0,19.8,42.5,45.0,12.5,6.4,329.0,27.9,81.0,13.1,1003.2,3,2,12,8,0,0.0
2026-08-12 04:00:00+00:00,1786507200,karachi,75.0,21.7,46.9,52.0,11.1,6.5,313.0,28.9,75.0,13.1,1003.5,4,2,12,8,0,-1.0
2026-08-12 05:00:00+00:00,1786510800,karachi,75.0,22.2,48.4,61.0,8.3,6.6,266.0,29.6,72.0,13.9,1003.5,5,2,12,8,0,0.0
2026-08-12 06:00:00+00:00,1786514400,karachi,75.0,23.7,52.0,70.0,6.0,6.5,228.0,30.0,69.0,14.7,1003.4,6,2,12,8,0,0.0
2026-08-12 07:00:00+00:00,1786518000,karachi,74.0,24.0,52.5,78.0,4.7,6.3,216.0,29.8,70.0,15.2,1002.8,7,2,12,8,0,-1.0
2026-08-12 08:00:00+00:00,1786521600,karachi,74.0,24.3,53.0,86.0,4.0,5.9,213.0,30.6,67.0,14.9,1002.6,8,2,12,8,0,0.0
2026-08-12 09:00:00+00:00,1786525200,karachi,74.0,24.4,53.1,89.0,4.0,5.7,218.0,30.5,67.0,13.9,1002.2,9,2,12,8,0,0.0
2026-08-12 10:00:00+00:00,1786528800,karachi,73.0,24.5,52.5,84.0,5.1,5.7,233.0,30.6,67.0,13.1,1001.9,10,2,12,8,0,-1.0
2026-08-12 11:00:00+00:00,1786532400,karachi,73.0,24.9,52.9,74.0,6.9,5.9,256.0,30.1,70.0,13.1,1001.7,11,2,12,8,0,0.0
2026-08-12 12:00:00+00:00,1786536000,karachi,73.0,27.5,63.3,69.0,8.5,5.9,271.0,29.7,70.0,13.9,1001.6,12,2,12,8,0,0.0
2026-08-12 13:00:00+00:00,1786539600,karachi,73.0,26.3,57.4,61.0,10.4,6.1,273.0,28.9,74.0,13.7,1002.0,13,2,12,8,0,0.0
2026-08-12 14:00:00+00:00,1786543200,karachi,73.0,25.1,53.2,51.0,13.1,6.3,268.0,28.4,78.0,12.0,1002.5,14,2,12,8,0,0.0
2026-08-12 15:00:00+00:00,1786546800,karachi,73.0,24.6,50.6,43.0,14.9,6.5,257.0,28.2,79.0,10.7,1003.3,15,2,12,8,0,0.0
2026-08-12 16:00:00+00:00,1786550400,karachi,73.0,24.9,49.9,40.0,15.3,6.6,240.0,28.1,80.0,10.7,1004.0,16,2,12,8,0,0.0
2026-08-12 17:00:00+00:00,1786554000,karachi,74.0,21.7,43.4,40.0,14.8,6.7,218.0,28.0,81.0,10.4,1004.7,17,2,12,8,0,1.0
2026-08-12 18:00:00+00:00,1786557600,karachi,74.0,20.3,40.3,40.0,14.0,6.7,197.0,28.0,81.0,12.8,1004.9,18,2,12,8,0,0.0
2026-08-12 19:00:00+00:00,1786561200,karachi,74.0,19.4,38.3,40.0,12.8,6.4,176.0,27.5,84.0,11.7,1004.6,19,2,12,8,0,0.0
2026-08-12 20:00:00+00:00,1786564800,karachi,74.0,20.8,41.8,41.0,11.2,6.0,155.0,27.3,85.0,11.7,1004.2,20,2,12,8,0,0.0
2026-08-12 21:00:00+00:00,1786568400,karachi,74.0,19.3,38.5,42.0,9.8,5.7,140.0,27.0,86.0,10.7,1003.9,21,2,12,8,0,0.0
2026-08-12 22:00:00+00:00,1786572000,karachi,74.0,18.3,36.9,42.0,8.6,5.5,129.0,26.9,87.0,9.7,1003.9,22,2,12,8,0,0.0
2026-08-12 23:00:00+00:00,1786575600,karachi,75.0,17.2,34.5,42.0,7.6,5.4,124.0,26.8,88.0,11.0,1003.7,23,2,12,8,0,1.0
2026-08-13 00:00:00+00:00,1786579200,karachi,75.0,17.7,36.8,47.0,6.8,5.3,136.0,27.1,86.0,10.7,1003.7,0,3,13,8,0,0.0
2026-08-13 01:00:00+00:00,1786582800,karachi,75.0,17.8,37.6,47.0,7.7,5.4,183.0,27.0,86.0,10.7,1004.0,1,3,13,8,0,0.0
2026-08-13 02:00:00+00:00,1786586400,karachi,75.0,19.6,44.5,48.0,8.9,5.6,246.0,27.0,86.0,11.9,1004.1,2,3,13,8,0,0.0
2026-08-13 03:00:00+00:00,1786590000,karachi,75.0,22.4,51.9,51.0,9.3,5.8,284.0,28.2,79.0,14.2,1004.2,3,3,13,8,0,0.0
2026-08-13 04:00:00+00:00,1786593600,karachi,75.0,23.9,56.3,58.0,8.2,6.0,271.0,29.4,73.0,15.3,1004.3,4,3,13,8,0,0.0
2026-08-13 05:00:00+00:00,1786597200,karachi,75.0,24.3,58.8,68.0,6.4,6.2,232.0,30.1,68.0,15.1,1004.5,5,3,13,8,0,0.0
2026-08-13 06:00:00+00:00,1786600800,karachi,75.0,25.3,64.3,76.0,4.9,6.2,202.0,30.2,67.0,15.5,1005.1,6,3,13,8,0,0.0
2026-08-13 07:00:00+00:00,1786604400,karachi,75.0,25.4,62.6,83.0,4.0,5.9,194.0,30.2,67.0,15.7,1004.6,7,3,13,8,0,0.0
2026-08-13 08:00:00+00:00,1786608000,karachi,75.0,25.6,61.0,89.0,3.4,5.5,195.0,30.5,66.0,16.0,1004.1,8,3,13,8,0,0.0
2026-08-13 09:00:00+00:00,1786611600,karachi,76.0,25.1,57.6,90.0,3.4,5.2,201.0,30.9,64.0,16.1,1003.4,9,3,13,8,0,1.0
2026-08-13 10:00:00+00:00,1786615200,karachi,76.0,23.9,53.3,83.0,4.2,5.1,216.0,30.5,64.0,16.0,1003.0,10,3,13,8,0,0.0
2026-08-13 11:00:00+00:00,1786618800,karachi,76.0,22.8,50.2,71.0,5.6,5.0,236.0,30.2,66.0,16.1,1002.2,11,3,13,8,0,0.0
2026-08-13 12:00:00+00:00,1786622400,karachi,75.0,21.6,50.8,61.0,6.5,4.6,248.0,29.6,69.0,16.8,1002.6,12,3,13,8,0,-1.0
2026-08-13 13:00:00+00:00,1786626000,karachi,75.0,21.0,48.0,55.0,8.8,5.0,247.0,28.7,74.0,14.8,1002.8,13,3,13,8,0,0.0
2026-08-13 14:00:00+00:00,1786629600,karachi,75.0,21.5,48.0,47.0,11.9,5.5,238.0,28.0,77.0,14.6,1003.0,14,3,13,8,0,0.0
2026-08-13 15:00:00+00:00,1786633200,karachi,74.0,22.3,48.0,41.0,13.9,5.8,225.0,27.9,77.0,14.5,1003.6,15,3,13,8,0,-1.0
2026-08-13 16:00:00+00:00,1786636800,karachi,74.0,22.6,47.5,40.0,13.8,5.8,206.0,27.8,77.0,15.6,1004.0,16,3,13,8,0,0.0
2026-08-13 17:00:00+00:00,1786640400,karachi,74.0,20.4,43.1,41.0,12.6,5.7,183.0,27.4,81.0,15.0,1004.6,17,3,13,8,0,0.0
2026-08-13 18:00:00+00:00,1786644000,karachi,74.0,20.1,41.7,42.0,11.3,5.5,163.0,27.3,82.0,15.5,1004.4,18,3,13,8,0,0.0
2026-08-13 19:00:00+00:00,1786647600,karachi,74.0,21.4,44.5,43.0,10.0,5.2,150.0,27.1,82.0,13.2,1004.3,19,3,13,8,0,0.0
2026-08-13 20:00:00+00:00,1786651200,karachi,74.0,27.4,60.3,44.0,8.6,4.8,141.0,26.7,85.0,12.1,1003.9,20,3,13,8,0,0.0
2026-08-13 21:00:00+00:00,1786654800,karachi,74.0,21.2,43.9,45.0,7.4,4.6,134.0,26.6,86.0,11.7,1003.2,21,3,13,8,0,0.0
2026-08-13 22:00:00+00:00,1786658400,karachi,75.0,19.8,41.1,45.0,6.5,4.5,125.0,26.7,85.0,12.7,1002.8,22,3,13,8,0,1.0
2026-08-13 23:00:00+00:00,1786662000,karachi,75.0,18.9,39.3,45.0,5.9,4.6,118.0,26.6,85.0,13.0,1002.7,23,3,13,8,0,0.0
2026-08-14 00:00:00+00:00,1786665600,karachi,75.0,19.4,41.7,48.0,5.3,4.3,127.0,26.8,82.0,12.8,1002.3,0,4,14,8,0,0.0
2026-08-14 01:00:00+00:00,1786669200,karachi,75.0,19.8,41.0,47.0,6.6,4.6,170.0,26.8,82.0,13.5,1002.5,1,4,14,8,0,0.0
2026-08-14 02:00:00+00:00,1786672800,karachi,75.0,21.7,46.3,47.0,8.4,5.0,228.0,27.1,81.0,14.4,1002.9,2,4,14,8,0,0.0
2026-08-14 03:00:00+00:00,1786676400,karachi,75.0,24.5,54.0,49.0,9.2,5.3,263.0,28.1,75.0,15.6,1003.3,3,4,14,8,0,0.0
2026-08-14 04:00:00+00:00,1786680000,karachi,75.0,26.8,60.8,57.0,8.0,5.2,251.0,29.0,69.0,16.4,1003.7,4,4,14,8,0,0.0
2026-08-14 05:00:00+00:00,1786683600,karachi,76.0,26.8,61.0,67.0,5.7,5.0,215.0,29.6,66.0,17.3,1003.7,5,4,14,8,0,1.0
2026-08-14 06:00:00+00:00,1786687200,karachi,76.0,26.4,59.3,73.0,4.1,4.7,188.0,30.2,63.0,19.1,1003.8,6,4,14,8,0,0.0
2026-08-14 07:00:00+00:00,1786690800,karachi,76.0,25.4,57.0,72.0,3.8,4.5,183.0,29.6,67.0,18.2,1003.8,7,4,14,8,0,0.0
2026-08-14 08:00:00+00:00,1786694400,karachi,76.0,23.3,52.6,67.0,4.1,4.2,186.0,29.7,69.0,19.3,1003.4,8,4,14,8,0,0.0
2026-08-14 09:00:00+00:00,1786698000,karachi,76.0,21.9,49.7,62.0,4.8,4.1,194.0,29.2,73.0,19.2,1003.4,9,4,14,8,0,0.0
2026-08-14 10:00:00+00:00,1786701600,karachi,76.0,20.5,44.6,58.0,6.0,4.2,208.0,29.6,71.0,19.3,1003.0,10,4,14,8,0,0.0
2026-08-14 11:00:00+00:00,1786705200,karachi,75.0,20.1,42.5,54.0,7.6,4.4,227.0,29.1,72.0,19.6,1002.1,11,4,14,8,0,-1.0
2026-08-14 12:00:00+00:00,1786708800,karachi,75.0,22.1,47.4,52.0,8.7,4.5,239.0,29.3,69.0,18.0,1002.2,12,4,14,8,0,0.0
2026-08-14 13:00:00+00:00,1786712400,karachi,75.0,22.5,46.4,50.0,9.8,4.7,238.0,28.6,73.0,16.4,1002.4,13,4,14,8,0,0.0
2026-08-14 14:00:00+00:00,1786716000,karachi,75.0,22.4,45.1,47.0,11.4,5.0,230.0,28.1,75.0,16.3,1002.6,14,4,14,8,0,0.0
2026-08-14 15:00:00+00:00,1786719600,karachi,75.0,23.5,46.3,44.0,12.5,5.2,223.0,27.7,77.0,15.1,1002.9,15,4,14,8,0,0.0
2026-08-14 16:00:00+00:00,1786723200,karachi,75.0,21.1,42.4,43.0,12.8,5.4,224.0,27.5,78.0,14.0,1003.5,16,4,14,8,0,0.0
2026-08-14 17:00:00+00:00,1786726800,karachi,75.0,18.8,36.9,42.0,12.7,5.5,227.0,27.3,80.0,13.4,1004.1,17,4,14,8,0,0.0
2026-08-14 18:00:00+00:00,1786730400,karachi,75.0,19.8,39.8,42.0,12.0,5.5,220.0,27.4,80.0,14.9,1003.6,18,4,14,8,0,0.0
2026-08-14 19:00:00+00:00,1786734000,karachi,75.0,19.6,38.4,43.0,10.5,5.2,192.0,27.1,82.0,12.5,1003.4,19,4,14,8,0,0.0
2026-08-14 20:00:00+00:00,1786737600,karachi,75.0,18.0,35.4,44.0,8.6,4.6,153.0,26.9,83.0,11.4,1003.0,20,4,14,8,0,0.0
2026-08-14 21:00:00+00:00,1786741200,karachi,74.0,19.0,38.5,45.0,7.0,4.3,125.0,27.0,82.0,11.7,1002.8,21,4,14,8,0,-1.0
2026-08-14 22:00:00+00:00,1786744800,karachi,74.0,19.4,39.8,45.0,6.1,4.3,111.0,27.0,83.0,12.7,1002.6,22,4,14,8,0,0.0
2026-08-14 23:00:00+00:00,1786748400,karachi,74.0,18.3,37.4,45.0,5.6,4.5,107.0,26.9,85.0,13.2,1002.6,23,4,14,8,0,0.0
2026-08-15 00:00:00+00:00,1786752000,karachi,74.0,16.2,33.9,47.0,5.9,4.6,123.0,27.3,82.0,13.4,1002.6,0,5,15,8,1,0.0
2026-08-15 01:00:00+00:00,1786755600,karachi,74.0,16.2,33.2,46.0,7.4,4.9,178.0,27.2,83.0,12.4,1002.9,1,5,15,8,1,0.0
2026-08-15 02:00:00+00:00,1786759200,karachi,73.0,17.8,36.9,45.0,9.5,5.2,254.0,27.4,82.0,12.0,1003.3,2,5,15,8,1,-1.0
2026-08-15 03:00:00+00:00,1786762800,karachi,73.0,20.3,43.4,46.0,10.5,5.5,299.0,27.9,78.0,13.8,1003.6,3,5,15,8,1,0.0
2026-08-15 04:00:00+00:00,1786766400,karachi,73.0,22.0,48.8,51.0,9.6,5.5,284.0,28.5,75.0,14.9,1004.1,4,5,15,8,1,0.0
2026-08-15 05:00:00+00:00,1786770000,karachi,72.0,23.3,51.8,57.0,7.7,5.4,239.0,29.3,71.0,15.6,1004.2,5,5,15,8,1,-1.0
2026-08-15 06:00:00+00:00,1786773600,karachi,72.0,23.5,52.9,63.0,6.1,5.3,205.0,30.0,67.0,16.1,1004.4,6,5,15,8,1,0.0
2026-08-15 07:00:00+00:00,1786777200,karachi,72.0,24.4,55.1,67.0,5.3,5.2,197.0,29.5,71.0,16.7,1004.2,7,5,15,8,1,0.0
2026-08-15 08:00:00+00:00,1786780800,karachi,72.0,24.4,54.9,69.0,4.9,5.1,200.0,30.2,68.0,16.1,1003.8,8,5,15,8,1,0.0
2026-08-15 09:00:00+00:00,1786784400,karachi,72.0,24.7,54.9,69.0,5.0,5.1,207.0,30.1,70.0,16.6,1003.3,9,5,15,8,1,0.0
2026-08-15 10:00:00+00:00,1786788000,karachi,72.0,23.2,51.2,66.0,6.0,5.1,221.0,29.7,73.0,16.9,1002.6,10,5,15,8,1,0.0
2026-08-15 11:00:00+00:00,1786791600,karachi,72.0,22.2,48.4,60.0,7.5,5.2,240.0,29.5,73.0,16.4,1002.4,11,5,15,8,1,0.0
2026-08-15 12:00:00+00:00,1786795200,karachi,73.0,23.1,50.9,58.0,8.4,5.3,252.0,29.1,75.0,15.9,1002.6,12,5,15,8,1,1.0
2026-08-15 13:00:00+00:00,1786798800,karachi,73.0,23.0,49.6,53.0,10.4,5.6,251.0,28.4,77.0,13.9,1002.7,13,5,15,8,1,0.0
2026-08-15 14:00:00+00:00,1786802400,karachi,73.0,22.7,47.5,47.0,13.2,6.0,242.0,27.7,81.0,12.5,1002.9,14,5,15,8,1,0.0
2026-08-15 15:00:00+00:00,1786806000,karachi,73.0,21.0,42.8,42.0,15.4,6.3,232.0,27.5,82.0,11.7,1003.4,15,5,15,8,1,0.0
2026-08-15 16:00:00+00:00,1786809600,karachi,72.0,19.1,38.4,39.0,16.6,6.5,223.0,27.4,83.0,12.7,1004.0,16,5,15,8,1,-1.0
2026-08-15 17:00:00+00:00,1786813200,karachi,72.0,18.9,36.7,37.0,17.3,6.7,212.0,27.2,85.0,12.5,1004.1,17,5,15,8,1,0.0
2026-08-15 18:00:00+00:00,1786816800,karachi,72.0,18.5,34.2,37.0,16.9,6.6,196.0,27.4,85.0,12.6,1004.0,18,5,15,8,1,0.0
2026-08-15 19:00:00+00:00,1786820400,karachi,72.0,17.8,32.8,38.0,14.8,6.1,170.0,27.1,86.0,11.5,1004.0,19,5,15,8,1,0.0
2026-08-15 20:00:00+00:00,1786824000,karachi,72.0,17.1,31.5,41.0,11.7,5.4,140.0,27.1,86.0,10.9,1003.5,20,5,15,8,1,0.0
2026-08-15 21:00:00+00:00,1786827600,karachi,72.0,16.4,30.7,43.0,9.2,4.8,119.0,27.0,86.0,10.9,1002.7,21,5,15,8,1,0.0
2026-08-15 22:00:00+00:00,1786831200,karachi,72.0,16.1,30.7,44.0,7.8,4.6,111.0,26.6,89.0,10.9,1002.5,22,5,15,8,1,0.0
2026-08-15 23:00:00+00:00,1786834800,karachi,72.0,16.1,31.4,44.0,7.1,4.6,112.0,26.6,89.0,11.8,1002.3,23,5,15,8,1,0.0
2026-08-16 00:00:00+00:00,1786838400,karachi,71.0,16.9,32.6,45.0,6.4,4.5,122.0,27.0,88.0,12.8,1002.2,0,6,16,8,1,-1.0
2026-08-16 01:00:00+00:00,1786842000,karachi,71.0,16.9,34.0,46.0,7.1,4.9,149.0,27.1,87.0,12.2,1002.5,1,6,16,8,1,0.0
2026-08-16 02:00:00+00:00,1786845600,karachi,71.0,18.0,37.5,47.0,8.0,5.4,185.0,27.3,85.0,11.7,1002.7,2,6,16,8,1,0.0
2026-08-16 03:00:00+00:00,1786849200,karachi,72.0,18.5,41.8,49.0,8.2,5.7,206.0,27.9,82.0,11.9,1002.9,3,6,16,8,1,1.0
2026-08-16 04:00:00+00:00,1786852800,karachi,71.0,21.5,51.0,54.0,7.1,5.7,198.0,29.2,74.0,13.5,1003.1,4,6,16,8,1,-1.0
2026-08-16 05:00:00+00:00,1786856400,karachi,71.0,22.5,56.2,60.0,5.4,5.4,176.0,29.9,70.0,16.8,1002.7,5,6,16,8,1,0.0
2026-08-16 06:00:00+00:00,1786860000,karachi,71.0,23.8,63.1,65.0,4.1,5.2,159.0,29.4,73.0,18.0,1003.0,6,6,16,8,1,0.0
2026-08-16 07:00:00+00:00,1786863600,karachi,71.0,24.2,63.1,67.0,3.5,5.0,154.0,29.3,74.0,17.7,1002.6,7,6,16,8,1,0.0
2026-08-16 08:00:00+00:00,1786867200,karachi,71.0,24.0,61.9,68.0,3.2,4.8,155.0,29.7,72.0,17.7,1002.0,8,6,16,8,1,0.0
2026-08-16 09:00:00+00:00,1786870800,karachi,71.0,23.2,57.9,67.0,3.3,4.6,159.0,29.9,70.0,16.8,1001.5,9,6,16,8,1,0.0
2026-08-16 10:00:00+00:00,1786874400,karachi,71.0,22.4,53.9,64.0,3.7,4.5,168.0,29.7,71.0,16.5,1001.3,10,6,16,8,1,0.0
2026-08-16 11:00:00+00:00,1786878000,karachi,71.0,21.9,51.5,61.0,4.5,4.4,180.0,29.2,74.0,16.9,1001.1,11,6,16,8,1,0.0
2026-08-16 12:00:00+00:00,1786881600,karachi,71.0,22.5,53.9,55.0,5.5,4.5,187.0,29.0,75.0,17.5,1001.4,12,6,16,8,1,0.0
2026-08-16 13:00:00+00:00,1786885200,karachi,71.0,22.6,52.0,53.0,6.2,4.6,186.0,28.4,76.0,17.1,1001.8,13,6,16,8,1,0.0
2026-08-16 14:00:00+00:00,1786888800,karachi,71.0,22.4,49.5,51.0,7.1,4.8,180.0,27.8,79.0,16.7,1002.2,14,6,16,8,1,0.0
2026-08-16 15:00:00+00:00,1786892400,karachi,71.0,20.1,44.0,49.0,7.8,5.0,174.0,27.7,81.0,16.4,1002.7,15,6,16,8,1,0.0
2026-08-16 16:00:00+00:00,1786896000,karachi,71.0,18.2,38.3,48.0,8.2,5.1,172.0,27.5,81.0,16.2,1003.5,16,6,16,8,1,0.0
2026-08-16 17:00:00+00:00,1786899600,karachi,71.0,17.4,35.9,49.0,8.3,5.2,171.0,27.2,84.0,14.6,1004.0,17,6,16,8,1,0.0
2026-08-16 18:00:00+00:00,1786903200,karachi,71.0,16.9,34.6,49.0,8.1,5.1,165.0,27.3,83.0,14.4,1003.6,18,6,16,8,1,0.0
2026-08-16 19:00:00+00:00,1786906800,karachi,71.0,16.6,34.3,50.0,7.3,4.7,150.0,27.0,83.0,13.7,1003.4,19,6,16,8,1,0.0
2026-08-16 20:00:00+00:00,1786910400,karachi,70.0,15.9,33.3,50.0,6.0,4.3,130.0,26.9,84.0,14.3,1003.1,20,6,16,8,1,-1.0
2026-08-16 21:00:00+00:00,1786914000,karachi,70.0,15.4,32.1,51.0,5.1,3.9,115.0,26.7,85.0,15.0,1002.6,21,6,16,8,1,0.0
2026-08-16 22:00:00+00:00,1786917600,karachi,70.0,15.0,31.8,51.0,4.5,3.8,105.0,26.7,84.0,15.4,1002.1,22,6,16,8,1,0.0
2026-08-16 23:00:00+00:00,1786921200,karachi,70.0,14.8,31.5,51.0,4.2,3.8,100.0,26.7,84.0,15.0,1001.8,23,6,16,8,1,0.0
2026-08-17 00:00:00+00:00,1786924800,karachi,70.0,18.6,42.4,50.0,4.8,4.1,113.0,26.8,87.0,12.7,1002.0,0,0,17,8,0,0.0
2026-08-17 01:00:00+00:00,1786928400,karachi,70.0,16.9,36.7,49.0,6.5,4.7,163.0,26.8,86.0,12.2,1002.3,1,0,17,8,0,0.0
2026-08-17 02:00:00+00:00,1786932000,karachi,70.0,17.7,39.0,48.0,8.7,5.4,232.0,26.9,84.0,12.2,1002.8,2,0,17,8,0,0.0
2026-08-17 03:00:00+00:00,1786935600,karachi,70.0,19.1,45.1,49.0,9.9,5.9,273.0,27.9,79.0,15.2,1003.2,3,0,17,8,0,0.0
2026-08-17 04:00:00+00:00,1786939200,karachi,70.0,22.1,53.8,54.0,8.9,5.9,260.0,28.7,74.0,16.5,1003.4,4,0,17,8,0,0.0
2026-08-17 05:00:00+00:00,1786942800,karachi,70.0,23.1,57.2,60.0,6.9,5.7,220.0,29.6,69.0,16.3,1003.7,5,0,17,8,0,0.0
2026-08-17 06:00:00+00:00,1786946400,karachi,70.0,23.5,58.6,65.0,5.2,5.4,189.0,30.3,65.0,16.9,1003.8,6,0,17,8,0,0.0
2026-08-17 07:00:00+00:00,1786950000,karachi,70.0,23.1,56.1,67.0,4.3,5.1,182.0,29.5,70.0,17.6,1003.5,7,0,17,8,0,0.0
2026-08-17 08:00:00+00:00,1786953600,karachi,70.0,22.1,53.1,68.0,3.7,4.7,184.0,29.5,71.0,18.6,1003.0,8,0,17,8,0,0.0
2026-08-17 09:00:00+00:00,1786957200,karachi,70.0,21.3,50.1,67.0,3.7,4.5,191.0,29.6,71.0,18.9,1002.9,9,0,17,8,0,0.0
2026-08-17 10:00:00+00:00,1786960800,karachi,70.0,20.8,47.7,63.0,4.4,4.4,204.0,29.7,70.0,18.7,1002.4,10,0,17,8,0,0.0
2026-08-17 11:00:00+00:00,1786964400,karachi,70.0,19.8,44.0,57.0,5.7,4.4,220.0,29.1,72.0,19.1,1002.3,11,0,17,8,0,0.0
2026-08-17 12:00:00+00:00,1786968000,karachi,70.0,23.0,54.0,53.0,6.7,4.4,230.0,28.9,74.0,18.7,1002.5,12,0,17,8,0,0.0
2026-08-17 13:00:00+00:00,1786971600,karachi,70.0,22.4,50.4,50.0,8.2,4.6,227.0,28.3,78.0,17.9,1002.8,13,0,17,8,0,0.0
2026-08-17 14:00:00+00:00,1786975200,karachi,70.0,22.2,48.4,45.0,10.3,5.0,216.0,27.7,80.0,17.6,1002.9,14,0,17,8,0,0.0
2026-08-17 15:00:00+00:00,1786978800,karachi,70.0,22.4,47.1,42.0,11.6,5.2,208.0,27.3,83.0,16.9,1003.5,15,0,17,8,0,0.0
2026-08-17 16:00:00+00:00,1786982400,karachi,70.0,22.0,45.4,41.0,11.7,5.3,207.0,27.2,83.0,15.9,1004.0,16,0,17,8,0,0.0
2026-08-17 17:00:00+00:00,1786986000,karachi,70.0,20.2,42.5,41.0,11.1,5.4,208.0,27.2,83.0,13.7,1004.8,17,0,17,8,0,0.0
2026-08-17 18:00:00+00:00,1786989600,karachi,70.0,19.1,41.6,42.0,10.2,5.3,202.0,27.3,84.0,13.9,1004.6,18,0,17,8,0,0.0
2026-08-17 19:00:00+00:00,1786993200,karachi,71.0,17.3,36.9,43.0,8.9,5.0,181.0,27.2,84.0,13.2,1004.3,19,0,17,8,0,1.0
2026-08-17 20:00:00+00:00,1786996800,karachi,71.0,16.9,36.4,44.0,7.3,4.6,153.0,27.0,84.0,13.5,1004.1,20,0,17,8,0,0.0
2026-08-17 21:00:00+00:00,1787000400,karachi,71.0,22.1,51.2,45.0,6.1,4.3,132.0,26.9,86.0,13.7,1003.8,21,0,17,8,0,0.0
2026-08-17 22:00:00+00:00,1787004000,karachi,71.0,18.3,39.5,45.0,5.5,4.3,120.0,26.7,87.0,13.7,1003.5,22,0,17,8,0,0.0
2026-08-17 23:00:00+00:00,1787007600,karachi,71.0,17.4,36.8,46.0,5.3,4.4,114.0,26.8,88.0,14.0,1003.3,23,0,17,8,0,0.0
2026-08-18 00:00:00+00:00,1787011200,karachi,72.0,16.5,34.8,47.0,5.5,4.6,125.0,27.2,82.0,14.2,1003.1,0,1,18,8,0,1.0
2026-08-18 01:00:00+00:00,1787014800,karachi,71.0,16.0,32.9,47.0,7.0,4.9,168.0,27.0,84.0,13.4,1003.4,1,1,18,8,0,-1.0
2026-08-18 02:00:00+00:00,1787018400,karachi,71.0,16.2,32.4,46.0,9.0,5.4,228.0,27.3,83.0,13.1,1003.8,2,1,18,8,0,0.0
2026-08-18 03:00:00+00:00,1787022000,karachi,71.0,17.2,35.9,48.0,9.9,5.6,265.0,28.4,76.0,17.7,1004.3,3,1,18,8,0,0.0
2026-08-18 04:00:00+00:00,1787025600,karachi,71.0,17.9,37.3,54.0,8.6,5.5,256.0,29.2,71.0,17.5,1004.6,4,1,18,8,0,0.0
2026-08-18 05:00:00+00:00,1787029200,karachi,71.0,17.0,35.3,62.0,6.1,5.2,224.0,29.8,69.0,17.3,1005.0,5,1,18,8,0,0.0
2026-08-18 06:00:00+00:00,1787032800,karachi,70.0,16.3,32.6,67.0,4.2,4.9,199.0,30.3,62.0,19.1,1005.2,6,1,18,8,0,-1.0
2026-08-18 07:00:00+00:00,1787036400,karachi,70.0,16.6,33.1,68.0,3.4,4.7,190.0,30.5,63.0,19.2,1005.1,7,1,18,8,0,0.0
2026-08-18 08:00:00+00:00,1787040000,karachi,69.0,16.9,32.9,67.0,3.2,4.5,188.0,30.5,64.0,19.6,1004.7,8,1,18,8,0,-1.0
2026-08-18 09:00:00+00:00,1787043600,karachi,69.0,17.0,32.7,64.0,3.5,4.4,192.0,30.1,67.0,20.3,1004.2,9,1,18,8,0,0.0
2026-08-18 10:00:00+00:00,1787047200,karachi,69.0,16.9,32.6,60.0,4.2,4.3,206.0,29.7,70.0,21.0,1003.8,10,1,18,8,0,0.0
2026-08-18 11:00:00+00:00,1787050800,karachi,68.0,17.0,32.8,54.0,5.4,4.3,227.0,29.0,74.0,20.2,1003.1,11,1,18,8,0,-1.0
2026-08-18 12:00:00+00:00,1787054400,karachi,68.0,17.6,38.5,49.0,6.7,4.1,239.0,29.2,70.0,19.3,1003.4,12,1,18,8,0,0.0
2026-08-18 13:00:00+00:00,1787058000,karachi,68.0,18.3,36.8,45.0,8.8,4.4,236.0,28.5,72.0,19.0,1003.6,13,1,18,8,0,0.0
2026-08-18 14:00:00+00:00,1787061600,karachi,67.0,19.6,38.0,40.0,11.7,4.8,224.0,28.0,76.0,19.3,1003.8,14,1,18,8,0,-1.0
2026-08-18 15:00:00+00:00,1787065200,karachi,67.0,20.8,38.3,36.0,13.4,5.1,214.0,27.7,79.0,18.4,1004.3,15,1,18,8,0,0.0
2026-08-18 16:00:00+00:00,1787068800,karachi,67.0,19.8,37.3,35.0,13.0,5.2,211.0,27.7,80.0,18.5,1004.7,16,1,18,8,0,0.0
2026-08-18 17:00:00+00:00,1787072400,karachi,67.0,18.7,36.3,36.0,11.6,5.1,208.0,27.5,82.0,16.7,1005.0,17,1,18,8,0,0.0
2026-08-18 18:00:00+00:00,1787076000,karachi,67.0,16.5,31.7,37.0,10.0,4.9,199.0,27.4,81.0,16.9,1005.3,18,1,18,8,0,0.0
2026-08-18 19:00:00+00:00,1787079600,karachi,66.0,14.9,28.9,38.0,8.5,4.6,174.0,27.1,81.0,15.7,1005.0,19,1,18,8,0,-1.0
2026-08-18 20:00:00+00:00,1787083200,karachi,66.0,14.0,27.9,38.0,7.0,4.2,142.0,27.0,82.0,15.3,1004.9,20,1,18,8,0,0.0
2026-08-18 21:00:00+00:00,1787086800,karachi,66.0,13.2,26.1,39.0,5.8,3.9,119.0,26.8,83.0,15.3,1004.3,21,1,18,8,0,0.0
2026-08-18 22:00:00+00:00,1787090400,karachi,65.0,12.6,25.1,39.0,5.1,3.9,108.0,26.8,84.0,15.4,1004.1,22,1,18,8,0,-1.0
2026-08-18 23:00:00+00:00,1787094000,karachi,65.0,12.0,23.5,39.0,4.8,4.0,106.0,26.7,85.0,15.7,1003.9,23,1,18,8,0,0.0
2026-08-19 00:00:00+00:00,1787097600,karachi,64.0,12.9,25.5,42.0,4.7,4.2,119.0,27.1,83.0,16.8,1003.9,0,2,19,8,0,-1.0
2026-08-19 01:00:00+00:00,1787101200,karachi,64.0,12.3,23.3,41.0,6.1,4.5,163.0,26.9,83.0,15.9,1003.9,1,2,19,8,0,0.0
2026-08-19 02:00:00+00:00,1787104800,karachi,64.0,12.7,22.8,40.0,8.1,4.8,222.0,27.2,81.0,15.2,1004.4,2,2,19,8,0,0.0
2026-08-19 03:00:00+00:00,1787108400,karachi,64.0,15.1,28.3,41.0,9.0,5.0,258.0,28.1,75.0,18.7,1004.8,3,2,19,8,0,0.0
2026-08-19 04:00:00+00:00,1787112000,karachi,63.0,16.8,32.9,46.0,8.0,5.0,246.0,29.0,70.0,18.2,1005.2,4,2,19,8,0,-1.0
2026-08-19 05:00:00+00:00,1787115600,karachi,63.0,16.2,32.0,53.0,5.9,4.8,210.0,30.1,63.0,18.5,1005.4,5,2,19,8,0,0.0
2026-08-19 06:00:00+00:00,1787119200,karachi,63.0,16.1,32.6,59.0,4.3,4.6,183.0,30.1,65.0,20.0,1005.3,6,2,19,8,0,0.0
2026-08-19 07:00:00+00:00,1787122800,karachi,63.0,16.4,33.9,62.0,3.5,4.5,178.0,30.6,63.0,19.7,1005.1,7,2,19,8,0,0.0
2026-08-19 08:00:00+00:00,1787126400,karachi,63.0,16.6,34.1,64.0,3.2,4.4,183.0,30.2,66.0,19.8,1004.9,8,2,19,8,0,0.0
2026-08-19 09:00:00+00:00,1787130000,karachi,63.0,16.9,34.6,64.0,3.4,4.3,191.0,29.8,68.0,19.7,1004.4,9,2,19,8,0,0.0
2026-08-19 10:00:00+00:00,1787133600,karachi,63.0,16.9,33.5,60.0,4.2,4.2,206.0,30.1,67.0,20.7,1003.7,10,2,19,8,0,0.0
2026-08-19 11:00:00+00:00,1787137200,karachi,63.0,17.2,33.2,53.0,5.6,4.1,225.0,29.2,72.0,20.4,1003.2,11,2,19,8,0,0.0
2026-08-19 12:00:00+00:00,1787140800,karachi,63.0,17.0,32.7,46.0,7.8,4.2,236.0,29.2,67.0,19.8,1003.8,12,2,19,8,0,0.0
2026-08-19 13:00:00+00:00,1787144400,karachi,63.0,17.2,31.8,42.0,9.8,4.5,234.0,28.2,72.0,18.6,1004.1,13,2,19,8,0,0.0
2026-08-19 14:00:00+00:00,1787148000,karachi,63.0,18.9,32.9,37.0,12.6,4.9,224.0,27.9,75.0,17.4,1004.5,14,2,19,8,0,0.0
2026-08-19 15:00:00+00:00,1787151600,karachi,63.0,15.4,25.6,34.0,14.2,5.1,214.0,27.7,78.0,16.0,1005.1,15,2,19,8,0,0.0
2026-08-19 16:00:00+00:00,1787155200,karachi,63.0,13.4,22.2,34.0,13.6,5.1,206.0,27.5,81.0,18.0,1005.6,16,2,19,8,0,0.0
2026-08-19 17:00:00+00:00,1787158800,karachi,62.0,12.2,20.0,35.0,11.9,5.0,197.0,27.3,82.0,17.7,1005.9,17,2,19,8,0,-1.0
2026-08-19 18:00:00+00:00,1787162400,karachi,62.0,11.9,19.8,36.0,10.2,4.8,184.0,27.4,79.0,16.5,1006.0,18,2,19,8,0,0.0
2026-08-19 19:00:00+00:00,1787166000,karachi,61.0,11.7,19.6,37.0,8.7,4.5,162.0,27.3,80.0,16.8,1005.7,19,2,19,8,0,-1.0
2026-08-19 20:00:00+00:00,1787169600,karachi,61.0,11.6,20.3,38.0,7.1,4.1,135.0,27.1,82.0,17.3,1005.2,20,2,19,8,0,0.0
2026-08-19 21:00:00+00:00,1787173200,karachi,61.0,11.6,21.5,38.0,6.0,3.9,117.0,26.9,83.0,16.3,1004.7,21,2,19,8,0,0.0
2026-08-19 22:00:00+00:00,1787176800,karachi,61.0,11.7,22.5,38.0,5.4,3.9,107.0,26.8,84.0,15.2,1004.2,22,2,19,8,0,0.0
2026-08-19 23:00:00+00:00,1787180400,karachi,61.0,11.7,22.9,37.0,5.2,4.1,106.0,26.7,85.0,15.0,1004.0,23,2,19,8,0,0.0
2026-08-20 00:00:00+00:00,1787184000,karachi,61.0,12.5,26.0,39.0,5.3,4.3,121.0,26.9,83.0,13.8,1004.2,0,3,20,8,0,0.0
2026-08-20 01:00:00+00:00,1787187600,karachi,61.0,13.0,27.6,38.0,6.5,4.6,170.0,27.0,80.0,13.4,1004.5,1,3,20,8,0,0.0
2026-08-20 02:00:00+00:00,1787191200,karachi,61.0,14.4,31.7,38.0,8.1,5.0,236.0,27.2,78.0,12.9,1004.8,2,3,20,8,0,0.0
2026-08-20 03:00:00+00:00,1787194800,karachi,61.0,15.7,37.6,39.0,8.9,5.2,276.0,28.0,75.0,17.1,1005.0,3,3,20,8,0,0.0
2026-08-20 04:00:00+00:00,1787198400,karachi,61.0,18.5,46.0,44.0,8.1,5.2,264.0,28.6,73.0,17.8,1005.2,4,3,20,8,0,0.0
2026-08-20 05:00:00+00:00,1787202000,karachi,61.0,18.8,47.1,50.0,6.4,5.0,225.0,29.3,70.0,17.1,1005.5,5,3,20,8,0,0.0
2026-08-20 06:00:00+00:00,1787205600,karachi,61.0,18.5,46.2,55.0,5.1,4.9,195.0,29.5,69.0,17.2,1005.8,6,3,20,8,0,0.0
2026-08-20 07:00:00+00:00,1787209200,karachi,61.0,18.0,44.4,57.0,4.5,4.8,186.0,29.6,69.0,17.3,1005.7,7,3,20,8,0,0.0
2026-08-20 08:00:00+00:00,1787212800,karachi,61.0,17.4,42.8,57.0,4.2,4.7,187.0,29.6,70.0,16.4,1005.3,8,3,20,8,0,0.0
2026-08-20 09:00:00+00:00,1787216400,karachi,61.0,17.0,40.2,56.0,4.4,4.6,194.0,30.2,67.0,16.7,1004.6,9,3,20,8,0,0.0
2026-08-20 10:00:00+00:00,1787220000,karachi,61.0,17.0,39.5,53.0,5.1,4.6,213.0,29.9,68.0,16.4,1003.8,10,3,20,8,0,0.0
2026-08-20 11:00:00+00:00,1787223600,karachi,62.0,17.5,40.3,50.0,6.3,4.6,239.0,29.3,71.0,17.3,1003.5,11,3,20,8,0,1.0
2026-08-20 12:00:00+00:00,1787227200,karachi,62.0,16.4,38.4,43.0,8.1,4.6,255.0,29.0,72.0,17.5,1003.6,12,3,20,8,0,0.0
2026-08-20 13:00:00+00:00,1787230800,karachi,61.0,16.8,37.4,41.0,9.8,4.9,251.0,28.3,75.0,17.2,1003.9,13,3,20,8,0,-1.0
2026-08-20 14:00:00+00:00,1787234400,karachi,61.0,18.7,39.6,38.0,12.0,5.2,237.0,27.7,79.0,16.6,1004.2,14,3,20,8,0,0.0
2026-08-20 15:00:00+00:00,1787238000,karachi,61.0,17.2,35.9,35.0,13.7,5.5,225.0,27.6,79.0,15.9,1004.8,15,3,20,8,0,0.0
2026-08-20 16:00:00+00:00,1787241600,karachi,62.0,15.2,30.0,33.0,14.3,5.6,221.0,27.3,81.0,15.9,1005.3,16,3,20,8,0,1.0
2026-08-20 17:00:00+00:00,1787245200,karachi,62.0,13.6,25.9,32.0,14.3,5.7,218.0,27.2,83.0,16.0,1005.6,17,3,20,8,0,0.0
2026-08-20 18:00:00+00:00,1787248800,karachi,62.0,13.4,24.8,32.0,13.6,5.6,208.0,27.3,82.0,13.8,1005.1,18,3,20,8,0,0.0
2026-08-20 19:00:00+00:00,1787252400,karachi,62.0,13.1,24.7,33.0,11.9,5.3,183.0,27.0,83.0,12.4,1005.1,19,3,20,8,0,0.0
2026-08-20 20:00:00+00:00,1787256000,karachi,62.0,12.7,24.7,35.0,9.5,4.8,150.0,26.8,84.0,12.6,1004.5,20,3,20,8,0,0.0
2026-08-20 21:00:00+00:00,1787259600,karachi,62.0,12.1,24.1,37.0,7.6,4.5,126.0,26.8,85.0,12.8,1004.0,21,3,20,8,0,0.0
2026-08-20 22:00:00+00:00,1787263200,karachi,62.0,11.9,25.0,38.0,6.4,4.3,112.0,26.7,85.0,12.6,1003.7,22,3,20,8,0,0.0
2026-08-20 23:00:00+00:00,1787266800,karachi,62.0,11.8,25.6,39.0,5.7,4.3,106.0,26.6,86.0,13.6,1003.6,23,3,20,8,0,0.0
2026-08-21 00:00:00+00:00,1787270400,karachi,62.0,11.8,25.8,40.0,5.6,4.4,120.0,26.8,85.0,14.0,1003.9,0,4,21,8,0,0.0
2026-08-21 01:00:00+00:00,1787274000,karachi,62.0,12.3,27.0,39.0,7.0,4.8,173.0,26.8,86.0,13.5,1004.4,1,4,21,8,0,0.0
2026-08-21 02:00:00+00:00,1787277600,karachi,62.0,14.2,31.3,38.0,8.8,5.3,244.0,27.1,84.0,12.8,1004.9,2,4,21,8,0,0.0
2026-08-21 03:00:00+00:00,1787281200,karachi,62.0,15.2,37.0,39.0,9.7,5.6,288.0,27.8,79.0,14.4,1005.3,3,4,21,8,0,0.0
2026-08-21 04:00:00+00:00,1787284800,karachi,62.0,19.7,53.0,45.0,8.7,5.6,275.0,28.7,74.0,15.7,1005.7,4,4,21,8,0,0.0
2026-08-21 05:00:00+00:00,1787288400,karachi,62.0,20.3,55.3,53.0,6.6,5.4,234.0,28.9,74.0,16.4,1005.7,5,4,21,8,0,0.0
2026-08-21 06:00:00+00:00,1787292000,karachi,62.0,20.5,54.2,59.0,5.0,5.2,201.0,29.6,70.0,17.8,1005.8,6,4,21,8,0,0.0
2026-08-21 07:00:00+00:00,1787295600,karachi,62.0,19.4,49.4,63.0,4.2,5.0,191.0,29.3,71.0,17.2,1005.3,7,4,21,8,0,0.0
2026-08-21 08:00:00+00:00,1787299200,karachi,63.0,19.5,50.6,65.0,3.8,4.8,189.0,29.4,71.0,16.6,1004.7,8,4,21,8,0,1.0
2026-08-21 09:00:00+00:00,1787302800,karachi,63.0,19.3,50.3,65.0,3.9,4.6,194.0,29.9,70.0,17.5,1004.1,9,4,21,8,0,0.0
2026-08-21 10:00:00+00:00,1787306400,karachi,63.0,19.0,50.2,62.0,4.6,4.5,209.0,29.8,70.0,17.9,1003.4,10,4,21,8,0,0.0
2026-08-21 11:00:00+00:00,1787310000,karachi,63.0,18.9,51.1,56.0,5.8,4.6,230.0,29.5,70.0,18.0,1002.7,11,4,21,8,0,0.0
2026-08-21 12:00:00+00:00,1787313600,karachi,63.0,22.3,67.5,46.0,8.3,4.4,244.0,28.5,73.0,17.4,1003.1,12,4,21,8,0,0.0
2026-08-21 13:00:00+00:00,1787317200,karachi,64.0,22.1,60.5,44.0,10.0,4.7,243.0,28.1,75.0,15.5,1003.2,13,4,21,8,0,1.0
2026-08-21 14:00:00+00:00,1787320800,karachi,64.0,21.6,54.0,40.0,12.4,5.1,235.0,27.5,78.0,15.3,1003.5,14,4,21,8,0,0.0
2026-08-21 15:00:00+00:00,1787324400,karachi,64.0,20.1,49.1,38.0,14.0,5.4,225.0,27.2,82.0,15.4,1003.7,15,4,21,8,0,0.0
2026-08-21 16:00:00+00:00,1787328000,karachi,64.0,19.0,44.2,37.0,14.2,5.5,215.0,26.9,84.0,15.1,1004.2,16,4,21,8,0,0.0
2026-08-21 17:00:00+00:00,1787331600,karachi,65.0,17.3,39.3,37.0,13.7,5.5,203.0,26.8,85.0,15.2,1004.6,17,4,21,8,0,1.0
2026-08-21 18:00:00+00:00,1787335200,karachi,65.0,16.4,36.4,38.0,12.6,5.4,188.0,27.1,81.0,14.2,1004.4,18,4,21,8,0,0.0
2026-08-21 19:00:00+00:00,1787338800,karachi,65.0,15.2,34.1,40.0,10.7,5.0,166.0,26.9,82.0,13.7,1004.1,19,4,21,8,0,0.0
2026-08-21 20:00:00+00:00,1787342400,karachi,65.0,14.3,32.0,42.0,8.2,4.4,141.0,26.8,83.0,13.4,1003.8,20,4,21,8,0,0.0
2026-08-21 21:00:00+00:00,1787346000,karachi,66.0,13.7,30.6,44.0,6.3,4.0,123.0,26.7,84.0,13.9,1003.5,21,4,21,8,0,1.0
2026-08-21 22:00:00+00:00,1787349600,karachi,66.0,13.5,30.2,44.0,5.3,3.9,113.0,26.6,84.0,14.4,1003.4,22,4,21,8,0,0.0
2026-08-21 23:00:00+00:00,1787353200,karachi,66.0,13.2,29.6,44.0,4.9,4.1,109.0,26.4,86.0,15.0,1003.3,23,4,21,8,0,0.0
2026-08-22 00:00:00+00:00,1787356800,karachi,66.0,16.0,42.4,44.0,5.3,4.2,124.0,26.5,88.0,14.6,1003.1,0,5,22,8,1,0.0
2026-08-22 01:00:00+00:00,1787360400,karachi,66.0,14.8,37.1,43.0,6.6,4.4,175.0,26.4,87.0,13.8,1003.6,1,5,22,8,1,0.0
2026-08-22 02:00:00+00:00,1787364000,karachi,66.0,15.3,37.0,41.0,8.3,4.6,244.0,26.8,85.0,12.4,1004.3,2,5,22,8,1,0.0
2026-08-22 03:00:00+00:00,1787367600,karachi,67.0,18.0,46.7,42.0,9.1,4.8,284.0,27.4,81.0,16.8,1004.7,3,5,22,8,1,1.0
2026-08-22 04:00:00+00:00,1787371200,karachi,67.0,20.4,53.4,46.0,8.1,4.8,267.0,27.9,78.0,18.6,1005.1,4,5,22,8,1,0.0
2026-08-22 05:00:00+00:00,1787374800,karachi,67.0,21.8,59.4,52.0,6.2,4.6,222.0,28.8,74.0,19.5,1005.1,5,5,22,8,1,0.0
2026-08-22 06:00:00+00:00,1787378400,karachi,67.0,21.5,58.7,57.0,4.7,4.5,188.0,28.9,72.0,20.6,1004.8,6,5,22,8,1,0.0
2026-08-22 07:00:00+00:00,1787382000,karachi,67.0,21.7,57.7,61.0,4.0,4.4,182.0,29.4,70.0,19.5,1004.2,7,5,22,8,1,0.0
2026-08-22 08:00:00+00:00,1787385600,karachi,67.0,21.9,58.2,64.0,3.7,4.2,187.0,30.1,65.0,18.4,1003.5,8,5,22,8,1,0.0
2026-08-22 09:00:00+00:00,1787389200,karachi,67.0,21.8,56.8,64.0,3.9,4.1,197.0,30.1,66.0,18.5,1003.1,9,5,22,8,1,0.0
2026-08-22 10:00:00+00:00,1787392800,karachi,68.0,21.2,53.3,61.0,4.8,4.1,214.0,29.2,71.0,18.1,1002.3,10,5,22,8,1,1.0
2026-08-22 11:00:00+00:00,1787396400,karachi,68.0,21.1,52.0,55.0,6.2,4.2,235.0,29.0,72.0,18.1,1001.8,11,5,22,8,1,0.0
2026-08-22 12:00:00+00:00,1787400000,karachi,68.0,24.4,63.8,49.0,7.3,4.1,251.0,28.5,74.0,18.4,1001.9,12,5,22,8,1,0.0
2026-08-22 13:00:00+00:00,1787403600,karachi,68.0,24.6,60.5,46.0,9.1,4.3,256.0,28.0,76.0,18.1,1001.7,13,5,22,8,1,0.0
2026-08-22 14:00:00+00:00,1787407200,karachi,68.0,26.0,60.5,43.0,11.5,4.7,254.0,27.3,81.0,17.0,1001.8,14,5,22,8,1,0.0
2026-08-22 15:00:00+00:00,1787410800,karachi,69.0,20.1,45.8,40.0,13.1,4.9,250.0,27.0,83.0,15.7,1002.4,15,5,22,8,1,1.0
2026-08-22 16:00:00+00:00,1787414400,karachi,69.0,18.9,42.5,40.0,13.2,5.0,245.0,26.9,84.0,13.8,1003.0,16,5,22,8,1,0.0
2026-08-22 17:00:00+00:00,1787418000,karachi,69.0,18.7,42.1,40.0,12.4,5.1,237.0,26.8,85.0,14.5,1003.6,17,5,22,8,1,0.0
2026-08-22 18:00:00+00:00,1787421600,karachi,69.0,19.1,43.8,41.0,11.3,5.0,222.0,26.9,85.0,14.6,1003.4,18,5,22,8,1,0.0
2026-08-22 19:00:00+00:00,1787425200,karachi,69.0,18.4,42.0,42.0,9.9,4.8,195.0,26.7,86.0,13.7,1003.2,19,5,22,8,1,0.0
2026-08-22 20:00:00+00:00,1787428800,karachi,69.0,18.1,42.1,43.0,8.2,4.4,161.0,26.5,87.0,13.3,1002.8,20,5,22,8,1,0.0
2026-08-22 21:00:00+00:00,1787432400,karachi,70.0,17.9,42.7,44.0,6.8,4.2,136.0,26.4,88.0,13.0,1002.4,21,5,22,8,1,1.0
2026-08-22 22:00:00+00:00,1787436000,karachi,70.0,17.8,43.3,44.0,5.9,4.1,124.0,26.5,87.0,13.0,1001.9,22,5,22,8,1,0.0
2026-08-22 23:00:00+00:00,1787439600,karachi,70.0,17.5,42.8,44.0,5.3,4.0,121.0,26.4,88.0,12.7,1001.6,23,5,22,8,1,0.0
